name,price,stock_quantity,category,image_url
"Carson Dellosa Multiplication Flash Cards for Kids Ages 8+, Times Table Flash Cards for Grade 3, Grade 4 and Grade 5, Multiplication Flash Cards with Answers",13.20,56,Learning & Education Toys,https://m.media-amazon.com/images/I/81k57a1xhuL._AC_UL320_.jpg
Women's Classic Ultra Mini Fashion Boot,149.95,52,Women's Shoes,https://m.media-amazon.com/images/I/816QYu6+DaL._AC_UL320_.jpg
"LeapFrog Learning Friends 100 Words Book (Frustration Free Packaging), Green",15.89,113,Learning & Education Toys,https://m.media-amazon.com/images/I/71wQb2LWUkL._AC_UL320_.jpg
14K Gold Plated Cross Necklace for Women | Cross Pendant | Gold Necklaces for Women,12.95,70,Women's Jewelry,https://m.media-amazon.com/images/I/514P5Dv4b7L._AC_UL320_.jpg
Bose QuietComfort 45 Bluetooth Wireless Noise Cancelling Headphones - Triple Black (Renewed),229.21,100,Headphones & Earbuds,https://m.media-amazon.com/images/I/51G0LlfO00L._AC_UL320_.jpg
"Bifesta Mandom Eye Makeup Remover, 145ml (2)",14.99,31,Skin Care Products,https://m.media-amazon.com/images/I/71s+IhYT1NL._AC_UL320_.jpg
"SHVYOG Kojic Acid Soap, Turmeric Soap Bar, Dark Spot Remover with Vitamin C Hyaluronic Acid for Deep Cleansing, Gentle Soap for Face and Body with A Foaming Net, 8.47oz（3 Pack）",11.99,17,Skin Care Products,https://m.media-amazon.com/images/I/71hWRJIvIyL._AC_UL320_.jpg
"OMIRO Decorative Wall Mirror, Vintage Hanging Mirrors for Bedroom Living-Room Dresser Decor, Oval Antique Bronze 13"" W x 15"" L",14.99,89,Furniture,https://m.media-amazon.com/images/I/71HWHQbuoIL._AC_UL320_.jpg
"SENTJO Premium 100% Hand-Made Ceramic Incense Burner, Incense Holder, Aromatherapy, Home Decor, Backflow Incense Powder, Cones and Stick, Made in France, (Red)",39.99,53,Home Decor Products,https://m.media-amazon.com/images/I/71mdZ1P64EL._AC_UL320_.jpg
14K Gold Plated Lightweight Chunky Open Hoops | Gold Hoop Earrings for Women,13.95,133,Women's Jewelry,https://m.media-amazon.com/images/I/514XGSsXebL._AC_UL320_.jpg
Men's Braver-Rayland Slip-On Loafer,78.24,43,Men's Shoes,https://m.media-amazon.com/images/I/61jiwQ7b+vL._AC_UL320_.jpg
Steel Toe Sneakers for Men Women Lightweight Safety Shoes Comfortable Puncture Proof Slip On Indestructible Work Shoes,50.99,111,Men's Shoes,https://m.media-amazon.com/images/I/71qf+5A-IzL._AC_UL320_.jpg
Men's Neumel Boot,139.95,42,Men's Shoes,https://m.media-amazon.com/images/I/81AIb3gkW3L._AC_UL320_.jpg
"Large Fanny Pack for Women Men - Syican Waist bag with 4-Zipper Pockets, Gifts for Enjoy Sports Traveling Workout Casual Hands-Free crossbody bags Fits MAX 7.9'' iPad & 6.6'' Phone Black",8.49,43,Sports & Fitness,https://m.media-amazon.com/images/I/71+UeTr05kL._AC_UL320_.jpg
"ZOTAC Gaming GeForce RTX 4080 16GB AMP Extreme AIRO GDDR6X 256-bit 22.4 Gbps PCIE 4.0 Graphics Card, IceStorm 2.0 Advanced Cooling, Spectra 2.0 RGB Lighting, ZT-D40810B-10P",1125.89,5,Computer Components,https://m.media-amazon.com/images/I/81RTaCvV3yL._AC_UL320_.jpg
"PHOERA Foundation,Flawless Soft Matte Oil Control Liquid Foundation Full Coverage Face Makeup. (102# Nude)",9.99,97,Makeup,https://m.media-amazon.com/images/I/41-tQJO5qxL._AC_UL320_.jpg
"Logitech G502 X Wired Gaming Mouse - LIGHTFORCE hybrid optical-mechanical primary switches, HERO 25K gaming sensor, compatible with PC - macOS/Windows - Black",71.99,17,Video Games,https://m.media-amazon.com/images/I/61fjq9eujBL._AC_UY218_.jpg
Collagen Lip Plumper Clinically Proven Natural Lip Enhancer for Fuller Softer Lips Increased Elasticity Reduce Fine Lines Hydrating Plump Gloss Lipstick Primer by M3 Naturals,11.99,116,Makeup,https://m.media-amazon.com/images/I/51xYBrl29rL._AC_UL320_.jpg
VTech Drill and Learn Toolbox,24.99,57,Toys & Games,https://m.media-amazon.com/images/I/71p8G5z0YSL._AC_UL320_.jpg
"Tongue Scraper (2 Pack), Reduce Bad Breath (Medical Grade), Stainless Steel Tongue Cleaners, 100% Metal Tongue Scrapers Fresher Breath in Seconds",11.95,32,Beauty & Personal Care,https://m.media-amazon.com/images/I/8117l1akE4L._AC_UL320_.jpg
"Electric Toothbrush Hard Travel Case Compatible with Oral-B Pro 1000 8000, Philips Sonicare 1100 5100 6100, Carrying Bag Carrier for Battery Power Rechargeable Toothbrush (Case Only) –Black",12.99,16,Beauty & Personal Care,https://m.media-amazon.com/images/I/71ud-+VDUUL._AC_UL320_.jpg
"Utopia Bedding Full Bed Sheets Set - 4 Piece Bedding - Brushed Microfiber - Shrinkage and Fade Resistant - Easy Care (Full, White)",20.95,21,Bedding,https://m.media-amazon.com/images/I/61uIQP94p5L._AC_UL320_.jpg
"JOYIN Carrier Truck Toys for Kids, 12 Die-Cast Metal Toy Cars with 2 Launchers, Foldable Toy Car Track with Lights & Sounds for Boys, Racing Car for Kids Ages 3-5",25.99,66,Toys & Games,https://m.media-amazon.com/images/I/91hoeH5b+YL._AC_UL320_.jpg
"Aligner Chewies, Medical Grade Silicone Orthodontics Chewies for Invisalign Aligner Trays, Popsicle-shaped 4 Chewies (Peach)",8.99,29,Beauty & Personal Care,https://m.media-amazon.com/images/I/31Kzay4efEL._AC_UL320_.jpg
GLACIER FRESH XWF Replacement for GE XWF Refrigerator Water Filter Pack of 3,33.99,51,Home Appliances,https://m.media-amazon.com/images/I/61-mGmoQYGL._AC_UL320_.jpg
"WOPITUES Floating Shelves Wall Mounted, Wood Bathroom Shelves with Extra Storage Shelf, Rustic Wall Shelves for Bathroom, Bedroom, Kitchen, Living Room, Plants - Rustic Brown",17.99,114,Home Decor Products,https://m.media-amazon.com/images/I/71gEGlQBc1L._AC_UL320_.jpg
Intel Arc A750 Limited Edition 8GB PCI Express 4.0 Graphics Card,216.85,83,Computer Components,https://m.media-amazon.com/images/I/71xE1Rn+D1L._AC_UL320_.jpg
tarte maracuja juicy lip crème Peachy Pink,21.19,36,Makeup,https://m.media-amazon.com/images/I/51S+68SSG3L._AC_UL320_.jpg
Wireless Earbuds Bluetooth V5.3 Headphones 50H Playback Deep Bass Stereo Ear Buds with LED Power Display Charging Case IPX7 Waterproof Earphones with Mic Headset for Laptop Pad Android/iOS Phones,25.99,20,Headphones & Earbuds,https://m.media-amazon.com/images/I/61-18UB3WWL._AC_UL320_.jpg
"joybest Welcome Door Mat with Heavy Duty Backing, Coco Coir Front Door Mats for Indoor and Outdoor Doormats, Front Porch Entrance, Home Entryway Farmhouse Decor, 17 x 30 inch",19.99,105,Furniture,https://m.media-amazon.com/images/I/81-HpjD4ALL._AC_UL320_.jpg
Nintendo Switch – OLED Model w/ White Joy-Con,339.00,121,Video Games,https://m.media-amazon.com/images/I/61LRAVRqyCL._AC_UY218_.jpg
"GUM Professional Clean Flossers Fresh Mint - 90 ct, Pack of 5",24.99,55,Beauty & Personal Care,https://m.media-amazon.com/images/I/61I08za-VWL._AC_UL320_.jpg
"Universal for Samsung-TV-Remote, BN59-01315J Remote Replacement for All Samsung LCD LED HDTV 3D Smart TVs",6.95,122,Home Audio & Theater Products,https://m.media-amazon.com/images/I/61NUiAOkiYL._AC_UL320_.jpg
"everydrop by Whirlpool Ice and Water Refrigerator Filter 2, EDR2RXD1, Single-Pack",53.99,117,Home Appliances,https://m.media-amazon.com/images/I/41BBhKG-jUL._AC_UL320_.jpg
SABRENT NVMe M.2 SSD to PCIe X16/X8/X4 Card with Aluminum Heat Sink (EC-PCIE),14.99,70,Computer Components,https://m.media-amazon.com/images/I/71zEOf6TTPL._AC_UL320_.jpg
"ZIUTY Wireless Earbuds, Bluetooth 5.3 Headphones 50H Playtime with LED Digital Display Charging Case, IPX5 Sweatproof Cordless Earphones with Microphone for iPhone Android Phone Laptop Sports (Black)",18.99,119,Headphones & Earbuds,https://m.media-amazon.com/images/I/61CXp9DFaDL._AC_UL320_.jpg
"AmScope 120X-1200X 52-pcs Kids Beginner Microscope STEM Kit with Metal Body Microscope, Plastic Slides, LED Light and Carrying Box (M30-ABS-KT2-W),White",41.99,42,Learning & Education Toys,https://m.media-amazon.com/images/I/81BJWmbpObL._AC_UL320_.jpg
"Tablet 2 in 1 Tablet with Keyboard Case Mouse Stylus Touch Screen Protector Film, 10 inch Tablet Android 11.0 Tablets PC, 10.1"" HD Tab 6000mah Battery 32GB+512GB Expandable Tableta Computer Pink Tab.",69.99,66,Computers & Tablets,https://m.media-amazon.com/images/I/612ZefIN7IL._AC_UL320_.jpg
"Performance Lightweight Crew Training Socks (3 Pair) (Medium, White/Black)",17.90,73,Men's Clothing,https://m.media-amazon.com/images/I/71XHPuLiHVL._AC_UL320_.jpg
"mDesign Plastic Slim Oval 2 Gallon Trash Can Wastebasket Garbage Bin - Decorative Themed Basket for Bathroom, Bedroom, Office - Hold Trash, Waste, Recycling - Pebbles Collection - Blue",25.99,70,Furniture,https://m.media-amazon.com/images/I/71+SVRp1KxL._AC_UL320_.jpg
"PURA D'OR Organic Coffee Bean Oil (4oz / 118mL) 100% Pure USDA Certified Premium Grade Natural Moisturizer, Cold Pressed, Unrefined, Hexane-Free Base Carrier Oil for DIY Skin Care For Men & Women",19.99,81,Skin Care Products,https://m.media-amazon.com/images/I/71QDM5gVXZL._AC_UL320_.jpg
Crossbody bags for Women Crossbody Purse Shoulder Bag,19.99,101,Women's Handbags,https://m.media-amazon.com/images/I/61NScFNar+L._AC_UL320_.jpg
"CAMBIVO 2 Pack Knee Braces for Knee Pain, Knee Compression Sleeve for Men and Women, Knee Support for Meniscus Tear, Running, Weightlifting, Workout, ACL, Arthritis, Joint Pain Relief (Black,Medium)",14.99,50,Sports & Fitness,https://m.media-amazon.com/images/I/815rMekwNgL._AC_UL320_.jpg
GIGABYTE B760M DS3H AX (LGA 1700/ Intel/ B760/ M-ATX/ DDR5/ 2* M.2/ PCIe 4.0/ USB 3.2 Gen 2 Type-C/WiFi 6E/ 2.5GbE LAN/Q-Flash Plus/PCIe EZ-Latch/Motherboard),119.49,120,Computer Components,https://m.media-amazon.com/images/I/819loXNzHQL._AC_UL320_.jpg
6 Pairs Chunky Gold Hoop Earrings Set for Women 14K Gold Plated Hypoallergenic Thick Open Huggie Hoop Set Jewelry for Gifts,16.97,92,Women's Jewelry,https://m.media-amazon.com/images/I/71F+V0k5hjL._AC_UL320_.jpg
Yongnuo YN-560 IV Flash Speedlite for Canon Nikon Pentax Olympus DSLR Cameras with EACHSHOT Diffuser,85.00,51,Camera & Photo,https://m.media-amazon.com/images/I/71tvqb3FCoL._AC_UL320_.jpg
"Denon AVR-X3800H 9.4-Ch Receiver (2022 Model) - 8K UHD Home Theater AVR (105W X 9) Built-in Bluetooth, Wi-Fi & HEOS Multi-Room Streaming, Dolby Atmos, DTS:X, IMAX Enhanced & Auro 3D",1382.00,75,Home Audio & Theater Products,https://m.media-amazon.com/images/I/61wrPDL7mFL._AC_UL320_.jpg
Magnetic Wireless Charger Fast Apple Mag-Safe Charger for iPhone 15 Pro Max/15 Pro/15/15 Plus/14/13/12 Series AirPods 3/2/Pro/Pro 2 LED Magnet Charging Pad Mag Safe Charger with Dual Charging Ports,16.99,100,Cell Phones & Accessories,https://m.media-amazon.com/images/I/51ZTUXXpT1L._AC_UL320_.jpg
Xbox Series X,489.99,97,Video Games,https://m.media-amazon.com/images/I/51ojzJk77qL._AC_UY218_.jpg
TAGRY Bluetooth Headphones True Wireless Earbuds 60H Playback LED Power Display Earphones with Wireless Charging Case IPX5 Waterproof in-Ear Earbuds with Mic for TV Smart Phone Computer Laptop Sports,34.99,95,Headphones & Earbuds,https://m.media-amazon.com/images/I/61zJ3-tanCL._AC_UL320_.jpg
"Cuisinart 14-Cup Replacement Carafe for Coffee Maker, DCC-2200RC",34.95,121,Home Appliances,https://m.media-amazon.com/images/I/71b-PPeGoyL._AC_UL320_.jpg
"【Upgraded】Heating Element for Samsung Dryer, Dryer Heating Element DC47-00019A for Samsung dv42h5000ew/a3 dv45h7000ew/a2 Dryer Parts, Including DC96-00887A, DC47-00016A, DC47-00018A and DC32-00007A",35.99,26,Home Appliances,https://m.media-amazon.com/images/I/71IbwgzaKbL._AC_UL320_.jpg
"Mens Running Headband,5Pack,Mens Sweatband Sports Headband for Running,Cycling,Basketball,Yoga,Fitness Workout Stretchy Unisex Hairband",11.99,106,Sports & Fitness,https://m.media-amazon.com/images/I/71brU3KoOHL._AC_UL320_.jpg
"Elisa Pendant Necklace for Women, Fashion Jewelry, 14k Gold-Plated",55.00,74,Women's Jewelry,https://m.media-amazon.com/images/I/51dSKjL6BxL._AC_UL320_.jpg
"Best Choice Products 36in Framed Round Wall Mirror for Bathroom Vanity, Bedroom, Bathroom, Living Room, Home Décor w/High Clarity Reflection, Anti-Blast Film - Matte Black",109.99,132,Home Decor Products,https://m.media-amazon.com/images/I/81Csq9JDxIL._AC_UL320_.jpg
"Nikwax Tech Wash , Green ,10 fl. oz.",10.95,9,Outdoor Recreation,https://m.media-amazon.com/images/I/818icvm1uKL._AC_UL320_.jpg
"Lumbar Support Pillow for Office Chair Back Support Pillow for Car, Computer, Gaming Chair, Recliner Memory Foam Back Cushion for Back Pain Relief Improve Posture, Mesh Cover Double Adjustable Straps",29.99,21,Bedding,https://m.media-amazon.com/images/I/81XnvQ4knhL._AC_UL320_.jpg
"Logitech G305 LIGHTSPEED Wireless Gaming Mouse, Hero 12K Sensor, 12,000 DPI, Lightweight, 6 Programmable Buttons, 250h Battery Life, On-Board Memory, PC/Mac - Black",34.99,44,Video Games,https://m.media-amazon.com/images/I/51VpABY-b6L._AC_UY218_.jpg
Women's Suede Clogs Leather Mules Cork Footbed Sandals Potato Shoes with Arch Support,36.99,40,Women's Shoes,https://m.media-amazon.com/images/I/810zAULuvKL._AC_UL320_.jpg
"Cooler Shock Reusable Ice Packs for Cooler - Long-Lasting Cold Freezer Packs for Coolers & Lunch Bags - Cooler Ice Packs for Lunch Box, School, Beach, Fishing, Camping Gear",32.99,92,Outdoor Recreation,https://m.media-amazon.com/images/I/81Kp86pfsrL._AC_UL320_.jpg
"Magnetic Tiles Kids Toys STEM Magnet Toys for Toddler Magnetic Blocks Building Toys Preschool Learning Sensory Montessori Toys for 3+ Year Old Boys and Girls, Safe Creativity Toddler Kids Toys",19.99,19,Toys & Games,https://m.media-amazon.com/images/I/81HEynVTL3L._AC_UL320_.jpg
"Intel NUC 11 Panther Canyon Mini PC, 11th Intel Core i5-1135G7, 16GB RAM & 512GB SSD, Windows 11 Pro, Support 4K Quad Display, WiFi 6, VESA/Home/Business Mini Desktop Computer(NUC11PAHi5)",443.99,108,Computers & Tablets,https://m.media-amazon.com/images/I/61ZCM3Ss6lL._AC_UL320_.jpg
"Amazon Basics 2-Pack HDMI Cable, 18Gbps High-Speed, 4K@60Hz, 2160p, Ethernet Ready, 3 Foot, Black",12.66,133,Home Audio & Theater Products,https://m.media-amazon.com/images/I/61yxyQLcW7L._AC_UL320_.jpg
Men's AL0A7R6F Torin 6 - Wide Road Running Shoe,65.91,26,Men's Shoes,https://m.media-amazon.com/images/I/71K9WTBIicL._AC_UL320_.jpg
"Evolive Ultra Soft Microfiber Body Pillow Cover/Pillowcases 21""x54"" with Hidden Zipper Closure (21""x54"" Body Pillow Cover, Charcoal Grey)",8.99,57,Bedding,https://m.media-amazon.com/images/I/718QRyds5OL._AC_UL320_.jpg
"Copper Compression Arthritis Gloves | Fingerless Arthritis Carpal Tunnel Pain Relief Gloves For Men & Women | Hand Support Wrist Brace For Rheumatoid, Tendonitis, Swelling, Crocheting, Typing (L)",29.95,123,Outdoor Recreation,https://m.media-amazon.com/images/I/518gmRI5AXL._AC_UL320_.jpg
"Lash Clusters Kit, DIY Eyelash Extensions Kit, Lash Clusters 108pcs, Super Hold Lash Bond and Seal, Cluster Lashes Extensions 8-16mm DIY Individual Lashes Kit Wispy Natural Eyelash Extensions C D Curl False Eyelashes Fluffy Strips Eye Lashes by Newcally",9.99,88,Makeup,https://m.media-amazon.com/images/I/91V6SylzYML._AC_UL320_.jpg
"Sleeping Pad Ultralight Inflatable Sleeping Pad for Camping, 75''X25'', Built-in Pump, Ultimate for Camping, Hiking - Airpad, Carry Bag, Repair Kit - Compact & Lightweight Air Mattress(Green)",27.98,30,Outdoor Recreation,https://m.media-amazon.com/images/I/71oF-A5oeaL._AC_UL320_.jpg
"ASUS TUF Gaming GeForce RTX™ 4090 OG OC Edition Gaming Graphics Card (PCIe 4.0, 24GB GDDR6X, DLSS 3, HDMI 2.1, DisplayPort 1.4a)",1799.99,83,Computer Components,https://m.media-amazon.com/images/I/81-Q4kEcj5L._AC_UL320_.jpg
"Late 2021 Apple MacBook Pro with Apple M1 Pro chip (16 inch, 16GB RAM, 1TB SSD) (QWERTY English) Space Gray (Renewed)",1529.89,27,Computers & Tablets,https://m.media-amazon.com/images/I/61SP1frHPxL._AC_UL320_.jpg
"SAMSUNG Galaxy Tab A7 Lite 8.7"" 32GB WiFi Android Tablet, Compact, Slim Design, Kid Friendly, Sturdy Metal Frame, Long Lasting Battery, US Version, 2021, Gray",119.99,150,Computers & Tablets,https://m.media-amazon.com/images/I/819hAP4xoGS._AC_UL320_.jpg
iENVY by KISS Ultra Black Knot Free Individual Lashes 4 Tray 280 Lashes (Medium),9.99,3,Makeup,https://m.media-amazon.com/images/I/71eFDBJC3TL._AC_UL320_.jpg
SUNBEAUTY Pack of 12 Hanging Honeycomb Paper Fans Hot Pink Party Decoration Fuchsia Pink Paper Decoration for Birthday Wedding Graduation Events Accessories,14.99,48,Home Decor Products,https://m.media-amazon.com/images/I/611FN5a+K7L._AC_UL320_.jpg
"36 Pairs Gold Hoop Earrings Set for Women Girls Multipack, Hypoallergenic Chunky Chain Twisted Hoop Earrings Pack, Fashion Dangle Earrings Jewelry for Gift",13.58,48,Women's Jewelry,https://m.media-amazon.com/images/I/81axr6Zh5AL._AC_UL320_.jpg
"3/16"" inch Orthodontic Elastic Rubber Bands 3 x 100 packs Neon medium force 4.5 oz, Rubberbands for making bows, Dreadlocks, Dreads, Doll Hair, Braids, Horse Mane Tail, FREE elastic placer by AdentalZ",9.99,37,Beauty & Personal Care,https://m.media-amazon.com/images/I/51G259dxmsL._AC_UL320_.jpg
"EarFun Air Pro 3 Noise Cancelling Wireless Earbuds, Qualcomm® aptX™ Adaptive Sound, 6 Mics CVC 8.0 ENC, Bluetooth 5.3 Earbuds, Multipoint Connection, 45H Playtime, App Customize EQ, Wireless Charging",55.99,148,Cell Phones & Accessories,https://m.media-amazon.com/images/I/61dDIKxp6sL._AC_UL320_.jpg
"Amazon Basics 2 RCA Audio Cable for Stereo Speaker or Subwoofer with Gold-Plated Plugs, 8 Foot, Black",11.87,53,Home Audio & Theater Products,https://m.media-amazon.com/images/I/71t5rxluXvL._AC_UL320_.jpg
Oakleys LEGACY FOOTBALL SHIELD,41.95,53,Men's Clothing,https://m.media-amazon.com/images/I/61JdaNl7ntL._AC_UL320_.jpg
"Awescuti Round Boho Wood Coffee Table - 31.5"" Farmhouse Natural Circle Wooden 2-Tier Coffee Tables Living Room Furniture, Natural Wood Color, 31.5"" D x 18.3"" H",269.99,135,Furniture,https://m.media-amazon.com/images/I/71cJLTF7gqL._AC_UL320_.jpg
Everyday Cushion Crew Socks,25.00,58,Men's Clothing,https://m.media-amazon.com/images/I/61Z9+l2VotL._AC_UL320_.jpg
"iHaHa Fire Truck Toys for 1 2 3 4 5 6 Years Old Boys Toddler, 5 in 1 Kids Carrier Toy Birthday, Car Friction Power Toys with Light Sound",26.99,83,Toys & Games,https://m.media-amazon.com/images/I/81nq8H2IlyL._AC_UL320_.jpg
"Celestial Seasonings Herbal Tea, Bengal Spice 20 Count (Pack of 2)",9.35,150,Kitchen & Dining,https://m.media-amazon.com/images/I/818lwt4i15L._AC_UL320_.jpg
Nipple Cover - Sticky Adhesive Silicone Nipple Pasties - Reusable Pasty Nipple Covers for Women with Travel Box,26.50,147,Women's Clothing,https://m.media-amazon.com/images/I/51S9vy6ywpL._AC_UL320_.jpg
Women's Classic Ultra Mini Platform Fashion Boot,159.95,105,Women's Shoes,https://m.media-amazon.com/images/I/61MYjpwlDhL._AC_UL320_.jpg
Women Slip On Canvas Sneakers Low Top Casual Shoes Supportive Comfortable Tennis Sneakers,30.98,15,Women's Shoes,https://m.media-amazon.com/images/I/71QZwZlRgDL._AC_UL320_.jpg
"Serta Executive Office Padded Arms, Adjustable Ergonomic Gaming Desk Chair with Lumbar Support, Faux Leather and Mesh, Black",198.35,54,Furniture,https://m.media-amazon.com/images/I/719AYgA4XpL._AC_UL320_.jpg
Manfrotto 035RL Super Clamp with 2908 Standard Stud - Replaces 2900 - Black,40.79,42,Camera & Photo,https://m.media-amazon.com/images/I/71xxeZZK32L._AC_UL320_.jpg
"AQG Counter Stool,26"" 360 Free Swivel Upholstered Bar Stool with Back Counter Height Swivel Barstools. (Green Fabric)",269.99,124,Furniture,https://m.media-amazon.com/images/I/7179wOoUHPL._AC_UL320_.jpg
"Elviros Cervical Memory Foam Contour Pillows for Neck and Shoulder Pain, Ergonomic Orthopedic Sleeping Support Pillow for Side Sleepers, Back and Stomach Sleepers (Dark Grey)",49.99,141,Bedding,https://m.media-amazon.com/images/I/812DU2rCdkL._AC_UL320_.jpg
"FEATOL Wrist Brace for Carpal Tunnel, Adjustable Wrist Support Brace with Splints Left Hand, Medium/Large, Arm Compression Hand Support for Injuries, Wrist Pain, Sprain, Sport",18.99,61,Outdoor Recreation,https://m.media-amazon.com/images/I/91ThxTB3zLL._AC_UL320_.jpg
Vortex Optics Viper HD Spotting Scopes,899.00,119,Camera & Photo,https://m.media-amazon.com/images/I/71hUnG97DAL._AC_UL320_.jpg
"Physicians Formula Rosé All Day Serum| Helps to Brighten and Clear Skin, Even Tone and Prevent Wrinkles | Dermatologist Tested, Clinicially Tested",12.98,64,Skin Care Products,https://m.media-amazon.com/images/I/61Ld8GGUrML._AC_UL320_.jpg
"Corsair iCUE H150i Elite LCD XT Liquid CPU Cooler - IPS LCD Screen - Three AF120 RGB Elite Fans - 360mm Radiator - Fits Intel® LGA 1700, AMD® AM5, and More - Included iCUE Commander CORE - Black",249.99,83,Computer Components,https://m.media-amazon.com/images/I/71EN9Vc-qsL._AC_UL320_.jpg
"Gold Bracelets for Women, 14K Dainty Gold Plated Stackable Bracelets for Women Trendy Gold Bracelet Stack Set Waterproof Chain Bracelets Paperclip Adjustable Tennis Minimalist Tiny Cute Jewelry",12.89,12,Women's Jewelry,https://m.media-amazon.com/images/I/51Z2XHbAVAL._AC_UL320_.jpg
Womens Winter Boots Warm: Womens Waterproof Snow Boots Ankle Casual Cold Weather Fur Lined Comfortable Booties,28.77,124,Women's Shoes,https://m.media-amazon.com/images/I/61-dU-saLHL._AC_UL320_.jpg
"PureFit Super Stretch Sofa Slipcover – Spandex Non Slip Soft Couch Sofa Cover, Washable Furniture Protector with Non Skid Foam and Elastic Bottom for Kids, Pets （Sofa, Black）",37.99,42,Home Decor Products,https://m.media-amazon.com/images/I/51lf9avrDpL._AC_UL320_.jpg
Growsun Electric Air Balloon Pump 110V 600W Balloon Blower Inflator for Garland Arch Party Decoration,18.99,148,Sports & Fitness,https://m.media-amazon.com/images/I/61+5gfUYwpL._AC_UL320_.jpg
"Shoulder Bags for Women, Cute Hobo Tote Handbag Mini Clutch Purse with Zipper Closure",16.98,122,Women's Handbags,https://m.media-amazon.com/images/I/61vk-1qOOUL._AC_UL320_.jpg
All in One Makeup Kit for Makeup storage bag 2X14 Colors Eyeshadow Palette Liquid Foundation Eyeliner Pencils Contouring Stick Lip Gloss Eyebrow Pencils 20Pcs Makeup Brushes etc For Women Girls Teens (Black),28.98,12,Makeup,https://m.media-amazon.com/images/I/81o6HMx3gKL._AC_UL320_.jpg
"Qimh Colander collapsible, Colander Strainer Over The Sink Vegetable/Fruit Colanders Strainers (6 Quart) with Extendable Handles, New Kitchen Essentials",14.99,51,Kitchen & Dining,https://m.media-amazon.com/images/I/61+Bx8RR+OL._AC_UL320_.jpg
"NZXT H9 Elite Dual-Chamber ATX Mid-Tower PC Gaming Case – Includes 3 x 120mm F120 RGB Duo Fans with Controller– Glass Front, Top & Side Panels – 360mm Radiator Support – Cable Management – White",224.99,120,Computer Components,https://m.media-amazon.com/images/I/61Yr06ThzYL._AC_UL320_.jpg
"JOBY Suction Cup with GorillaPod Arm for GoPro HERO6 Black, GoPro HERO5 Black, GoPro HERO5 Session, Contour and Sony Action Cam",16.98,111,Camera & Photo,https://m.media-amazon.com/images/I/61wAIByCtHL._AC_UL320_.jpg
"VTech Marble Rush Ultimate Set, Multicolor",40.99,107,Learning & Education Toys,https://m.media-amazon.com/images/I/71g5H962XzL._AC_UL320_.jpg
Crossbody,69.00,15,Women's Handbags,https://m.media-amazon.com/images/I/71WkpiQE-4L._AC_UL320_.jpg
"The Original Gorilla Grip Ironing Board Cover, Silicone Coating, Full Size Scorch Resistant Padding, Elastic Edge, Heavy Duty Iron Pad Covers Standard Boards, Hook and Loop Fastener Strap, Silver",25.99,116,Home Appliances,https://m.media-amazon.com/images/I/51nfUozR1xL._AC_UL320_.jpg
"Disposable Toothbrushes with Toothpaste Pack of 30,Black Individually Wrapped Disposable Travel Toothbrush Kit in Bulk for Homeless,Nursing Home,Shelter,Hotel,Charity",17.99,42,Beauty & Personal Care,https://m.media-amazon.com/images/I/61sTBPfCs6L._AC_UL320_.jpg
"Timers, Digital Kitchen Timer Magnetic with Large LED Display, LIORQUE Countdown Countup Timer for Cooking Classroom Fitness, Volume Adjustable, Easy for Kids and Seniors(Aluminium Alloy Knob) Black",16.99,32,Kitchen & Dining,https://m.media-amazon.com/images/I/61mCWGQdZyS._AC_UL320_.jpg
"iHaHa Toy Trucks Car for 1 2 3 4 5 Year Old Toddlers Boys, 5 in 1 Carrier Truck Car Construction Vehicles Toys for Kids Boys Girls Toddlers Christmas Birthday Gifts, Car Trucks Toys with Light Sound",26.99,105,Toys & Games,https://m.media-amazon.com/images/I/71ttuVTXTyL._AC_UL320_.jpg
"GE RPWFE Refrigerator Water Filter | Certified to Reduce Lead, Sulfur, and 50+ Other Impurities | Replace Every 6 Months for Best Results | Pack of 2",104.72,74,Home Appliances,https://m.media-amazon.com/images/I/71RTN-j2mlL._AC_UL320_.jpg
"Eyelash Applicator Tool 35mm Width Lash Applicator Clip, 1PCS Eyelash Tweezers for False Lashes, Pink",3.99,41,Makeup,https://m.media-amazon.com/images/I/61CpjfCslQL._AC_UL320_.jpg
Shoe Glue: Instant Professional Grade Shoe Repair Glue,13.99,108,Outdoor Recreation,https://m.media-amazon.com/images/I/61CfH6Cjy0L._AC_UL320_.jpg
Intel Core i9-13900K (Latest Gen) Gaming Desktop Processor 24 cores (8 P-cores + 16 E-cores) with Integrated Graphics - Unlocked,551.99,23,Computer Components,https://m.media-amazon.com/images/I/61My4F2-XUL._AC_UL320_.jpg
Lash Clusters 320pcs D Curl Mixed Tray 30D + 40D Mix9-16mm Lash Extension Clusters Hybrid DIY Custom Eyelash Styling More fluffy and natural(30/40D D Mix9-16),13.49,144,Makeup,https://m.media-amazon.com/images/I/71q+TN+UkfL._AC_UL320_.jpg
"NEW Upgraded W10515058 LED Light Compatible with whirlpool/kenmore/maytag,Refrigerator Freezer Main LED Light,Replaces WPW10515058,W10522611,W10465957, AP6022534,PS11755867,3021142,2 Year Warranty",44.99,140,Home Appliances,https://m.media-amazon.com/images/I/61GFK9173uL._AC_UL320_.jpg
GCI Outdoor Freestyle Rocker Portable Rocking Chair & Outdoor Camping Chair,69.99,100,Outdoor Recreation,https://m.media-amazon.com/images/I/810-amKdmJL._AC_UL320_.jpg
"252-LCT100 Lens Cleaning Towelette Dispenser, Large",15.33,102,Camera & Photo,https://m.media-amazon.com/images/I/71Q9x946ogL._AC_UL320_.jpg
Sonos Beam Gen 2 (Black),499.00,82,Home Audio & Theater Products,https://m.media-amazon.com/images/I/51keCnOr4gL._AC_UL320_.jpg
Sun Heart Shape Zircon Inlaid Thick Chain Choker 18K Gold Electroplated Hip Hop Minimalist Common Luxury Style Neutral Necklace,7.20,69,Women's Jewelry,https://m.media-amazon.com/images/I/41NcITgWBoL._AC_UL320_.jpg
"Hanes Women's Value, Low Cut Soft Moisture-Wicking Socks, 10-Packs",10.47,17,Sports & Fitness,https://m.media-amazon.com/images/I/91UKjqtiXhL._AC_UL320_.jpg
Women's Snow Boots Anti-Slip Waterproof Outdoor Shoes Winter Snow Boots Warm Fur Lined Comfortable Shoes for Women,49.99,109,Women's Shoes,https://m.media-amazon.com/images/I/710YF1P7ktL._AC_UL320_.jpg
"Xbox Wireless Headset – Xbox Series X|S, Xbox One, and Windows Devices",91.79,72,Video Games,https://m.media-amazon.com/images/I/51ODvrKqxTL._AC_UY218_.jpg
"ELEJEWEL Mothers Day Gifts Preserved Real Roses with I Love You Necklace Gifts for Mom Gifts for Wife Girlfriend Mom and Grandma, Anniversary Birthday Gifts for Her (Red)",25.39,90,Home Decor Products,https://m.media-amazon.com/images/I/611a22UuNUL._AC_UL320_.jpg
"Wireless Earbuds, Bluetooth 5.3 Earphones with 4 HD ENC Noise Canceling Mic, 42H Playtime, Bluetooth Sport Headphones Touch Control with LED Display, In Ear Wireless Headphones for Android iOS Black",29.99,120,Headphones & Earbuds,https://m.media-amazon.com/images/I/71FbxVUAVyL._AC_UL320_.jpg
Amazing Base Loose Mineral Powder,48.00,22,Makeup,https://m.media-amazon.com/images/I/81herqO6MxL._AC_UL320_.jpg
"Pretend Makeup Kit for Toddlers Girls, Kids Pretend Play Makeup Set for Little Girls, Fake Toy Makeup Set with Cosmetic Case & Jewelry Set, Present Gift for Kids Girls Age 3 4 5+ ( Fake Makeup )",17.99,112,Toys & Games,https://m.media-amazon.com/images/I/71M0sVB5BOL._AC_UL320_.jpg
"Orchard Toys Moose, Farmyard Heads & Tails Game. A First Matching Activity That develops into a Fun Game. 24 Chunky Cards. Age 18 Months+. 1-4 Players",8.79,38,Toys & Games,https://m.media-amazon.com/images/I/815dZ3BKOTL._AC_UL320_.jpg
"Men's Boxer Briefs, Soft and Breathable Cotton Underwear with ComfortFlex Waistband, Multipack",21.98,65,Men's Clothing,https://m.media-amazon.com/images/I/81ZBOce1WwL._AC_UL320_.jpg
"KOKODI LCD Writing Tablet, 10 Inch Colorful Toddler Doodle Board Drawing Tablet, Erasable Reusable Electronic Drawing Pads, Educational and Learning Toy for 3-6 Years Old Boy and Girls",19.99,120,Toys & Games,https://m.media-amazon.com/images/I/71JXJ0I9e-L._AC_UL320_.jpg
GCI Outdoor Freestyle Rocker XL Portable Folding Rocking Chair and Outdoor Camping Chair,74.99,12,Outdoor Recreation,https://m.media-amazon.com/images/I/81hS94EVh1L._AC_UL320_.jpg
6 Pack Sports Dri-Fit Moisture Wicking Athletic Crew Socks Red Yellow Blue Green Purple Orange White,24.50,142,Men's Clothing,https://m.media-amazon.com/images/I/A1HHNjD9idL._AC_UL320_.jpg
"10 inch Android 13 Tablet, 8GB+128GB 1TB Expand, 2 in 1 Tablets with Keyboard, Case, Mouse, Stylus, 1280x800 IPS Touch Screen, 2.0GHz Quad-Core, WiFi 6, Bluetooth5.0, Dual Camera (Black)",79.99,16,Computers & Tablets,https://m.media-amazon.com/images/I/71ha2aZcAYL._AC_UL320_.jpg
"Silicone Spatulas, 8.5 inch Small Rubber Spatula Seamless One Piece Design Heat Resistant Non-Stick Flexible Scrapers Baking Mixing Tool (5 Pieces)",14.99,140,Kitchen & Dining,https://m.media-amazon.com/images/I/61+bAgq0ppL._AC_UL320_.jpg
"Women's Small Crossbody Shoulder Bags, Clutch Purses Wristlet Phone Wallet for Women with Credit Card Holder",24.49,144,Women's Handbags,https://m.media-amazon.com/images/I/71enJWwnzIL._AC_UL320_.jpg
"Women's Joggers Pants Lightweight Athletic Leggings Tapered Lounge Pants for Workout, Yoga, Running",28.99,57,Women's Clothing,https://m.media-amazon.com/images/I/615YipeumnL._AC_UL320_.jpg
Performance Cushion Crew Socks with Band (6 Pairs),27.00,29,Men's Clothing,https://m.media-amazon.com/images/I/A17Fo2nQyRL._AC_UL320_.jpg
"Xbox Core Wireless Controller – Carbon Black – Xbox Series X|S, Xbox One, and Windows Devices",49.99,145,Video Games,https://m.media-amazon.com/images/I/61h4J5s0pBL._AC_UY218_.jpg
Raycon The Everyday Bluetooth Wireless Earbuds with Microphone- Stereo Sound in-Ear Bluetooth Headset True Wireless Earbuds 32 Hours Playtime (Matte Black),79.99,23,Headphones & Earbuds,https://m.media-amazon.com/images/I/61RGAsH2ljL._AC_UL320_.jpg
"ToiletTree Products Oral Irrigator by Poseidon Portable and Cordless Water Flosser (w/Charging Cradle, Black)",39.95,79,Beauty & Personal Care,https://m.media-amazon.com/images/I/51KIQooUMzL._AC_UL320_.jpg
"Bolsius White Pillar Candles – 2x6 Unscented Candle Set of 20 – Dripless, Smokeless, and Clean Burning Household Dinner Candles – Perfect for Weddings, Parties, Dinners – 20 Decorative Candles",64.99,78,Home Decor Products,https://m.media-amazon.com/images/I/61Ieb9gblrL._AC_UL320_.jpg
"2PCS Replacement Tips for TOVENDOR Electric Water Flosser (F5020D), Dental Oral Irrigator Nozzle (White)",6.99,111,Beauty & Personal Care,https://m.media-amazon.com/images/I/413AP1y248L._AC_UL320_.jpg
"Busy Board - Montessori Toys for 2 Year Old Girl Bithday Gift - 7 in 1 Preschool Learning Activities with Life Skill, Alphabet, Number, Shape, Color, Animal, Weather - Toddler Travel Toys",29.99,104,Toys & Games,https://m.media-amazon.com/images/I/81hcIJU+MhL._AC_UL320_.jpg
"Hotel Grade Queen Size Cooling Bed Pillows: Set of 2, Down Alternative Microfiber Fill - Specially Designed for Side, Back & Stomach Sleepers, Providing Breathable and Skin-Friendly Comfort",32.99,127,Bedding,https://m.media-amazon.com/images/I/51186-EODyL._AC_UL320_.jpg
"COMPLETE COMPLEXION CARE Squalane & Probiotic Gentle Face Cleanser | Daily Moisturizing Face Wash for Dry & Sensitive Skin | Fragrance Free, Paraben Free | Cruelty-Free & Vegan | 9.0 Fl Oz",29.00,141,Skin Care Products,https://m.media-amazon.com/images/I/610qIKcGIqL._AC_UL320_.jpg
"AEPOALUA Nightstand with Charging Station,Small Bedside Table with Drawer,White Night Stand,Bedside Furniture,End Table with Gold Frame,Drawer Dresser for Bedroom,Living Room",69.99,115,Furniture,https://m.media-amazon.com/images/I/71WLNnK8PXL._AC_UL320_.jpg
"HP 17 Laptop, 17.3” HD+ Display, 11th Gen Intel Core i3-1125G4 Processor, 16GB RAM, 1TB SSD, Wi-Fi, HDMI, Webcam, Windows 11 Home, Silver",506.00,27,Computers & Tablets,https://m.media-amazon.com/images/I/71CDSpds6jL._AC_UL320_.jpg
"Graco Premium Crib & Toddler Mattress – GREENGUARD Gold Certified, CertiPUR-US Certified Foam, Machine Washable, Water-Resistant and Removable Cover, Fits Standard Full-Size Crib and Toddler Bed",89.99,61,Bedding,https://m.media-amazon.com/images/I/61LDqg9OgSL._AC_UL320_.jpg
"TOTCLEAR Dark Spot Remover for Face, Underarm Cream, Armpit, Neck, Back, Legs, Elbows, Private Areas, Quality Plant-Based Ingredients,Intimate Areas,60ML",14.99,23,Skin Care Products,https://m.media-amazon.com/images/I/71FlLjSlSHL._AC_UL320_.jpg
"Mens Recovery Sandals Orthotic Thick Cushion Open Toe Sport Slides, Reduces Stress on Feet With Comfortable Plantar Fasciitis, Joints & Back Post-Exercise",27.99,58,Men's Shoes,https://m.media-amazon.com/images/I/61WDAoi8P8L._AC_UL320_.jpg
"WINCASE Gold Towel Bar, Adjustable Crystal Towel Holder, Golden Finished Bathroom Single Towel Racks Rail Wall Mounted",36.99,98,Furniture,https://m.media-amazon.com/images/I/61Yjk+ioFjL._AC_UL320_.jpg
ZWO ASI120MM-MINI 1.2 MP CMOS Monochrome Astronomy Camera with USB 2.0# ASI120MM-MINI,173.00,18,Camera & Photo,https://m.media-amazon.com/images/I/71lwqebm0jL._AC_UL320_.jpg
"Seamless Women Underwear Thongs,No Show Ladies Thong,No Line Breathable Comfortable Panties Undies for Women 5-Pack",12.79,115,Women's Clothing,https://m.media-amazon.com/images/I/71qPgS2SfXL._AC_UL320_.jpg
True HEPA AP-1512HH Replacement Filter for AP-1512HH Air Purifier 3304899 with 2 Carbon Filters,23.98,6,Home Appliances,https://m.media-amazon.com/images/I/81Ji076TenL._AC_UL320_.jpg
"FNJO Magnetic Tiles, 100PCS Building Blocks, Magnets Building Set, STEM Toys Christmas Toy Gift for Kids Boys and Girls",49.99,130,Toys & Games,https://m.media-amazon.com/images/I/81vKBSNHAcL._AC_UL320_.jpg
"HP Latest Stream 14'' HD Laptop, Intel Celeron Processor, 4GB Memory, 64GB eMMC, Fast Charge, HDMI, Up to 11 Hours Long Battery Life, Office 365 1-Year, Win S, Microfiber Bundle, Pink Gold 4GB RAM",229.99,106,Computers & Tablets,https://m.media-amazon.com/images/I/61nNxVrSatL._AC_UL320_.jpg
"Soundodo Wireless Earbuds for Tv Listening Watching with 5.1 Transmitter Charging Dock,2023 New TWS Ture Wireless Earbuds for tv with Transmitter Set,Optical,3.5mm AUX,RCA,Plug n Play,60ft Long Range",79.00,77,Headphones & Earbuds,https://m.media-amazon.com/images/I/61AfSZ6o5VL._AC_UL320_.jpg
"Samsung Galaxy Buds Live, Wireless Earbuds w/Active Noise Cancelling, Mystic Black, International Version",68.50,62,Headphones & Earbuds,https://m.media-amazon.com/images/I/61noNa-QbFL._AC_UL320_.jpg
"1 Year Old Girl Gifts, Piano Mat Baby Toys for 1 Year Old Girl, 2 in 1 Toddler Music Mat with Keyboard & Drum, Early Educational Musical Toys First Birthday Gifts for 1 2 Year Old Girls & Boys",24.99,9,Learning & Education Toys,https://m.media-amazon.com/images/I/81IRuBSjOsL._AC_UL320_.jpg
"FineDine 5 Deep Nesting Mixing Bowls with Lids for Kitchen Storage , Cooking Food, Baking, Breading, Salad or Meal Prep - Silver Stainless Steel - Large",32.99,20,Kitchen & Dining,https://m.media-amazon.com/images/I/81SgvuYq9+L._AC_UL320_.jpg
"Amazon Aware Balancing Face Moisturizer with Licorice Root Extract & Vitamin C, Vegan, Cucumber, Dermatologist Tested, Oily to Combination Skin, 1.7 fl oz",5.75,139,Skin Care Products,https://m.media-amazon.com/images/I/61HFo4rYkQL._AC_UL320_.jpg
Impossible/Polaroid Color Glossy Instant Film for Polaroid Originals I-Type OneStep2 Camera - 2-Pack,39.99,78,Camera & Photo,https://m.media-amazon.com/images/I/71dE1rhmfPL._AC_UL320_.jpg
"BISSELL EUCALYPTUS MINT DEMINERALIZED STEAM MOP WATER, Surface Type: Hard Floors; Sealed Wood Floors, 32 ounces, 1392, WHITE",6.99,66,Home Appliances,https://m.media-amazon.com/images/I/71dkHUtLBRL._AC_UL320_.jpg
Acid Free Archival Film Bag Album Film Protector Storage Box Archival 3 Ring Binder for Printfile Standard 135 35mm 120 4x5 8x10 Negative Pages Film Bag,22.99,127,Camera & Photo,https://m.media-amazon.com/images/I/61G9rI9r8DL._AC_UL320_.jpg
OneOdio Wired Over Ear Headphones Studio Monitor & Mixing DJ Stereo Headsets with 50mm Neodymium Drivers and 1/4 to 3.5mm Jack for AMP Computer Recording Podcast Keyboard Guitar Laptop - Black,31.99,78,Headphones & Earbuds,https://m.media-amazon.com/images/I/811RreTN3rL._AC_UL320_.jpg
"36 Pairs Gold Earrings Set for Women Girls, Fashion Pearl Chain Link Stud Drop Dangle Earrings Multipack Hoop Earring Packs, Hypoallergenic Earrings for Birthday Party Jewelry Gift",17.99,105,Women's Jewelry,https://m.media-amazon.com/images/I/81ho8aIItXL._AC_UL320_.jpg
High Waisted Body Shaper Shorts Shapewear for Women Tummy Control Thigh Slimming Technology,25.99,36,Women's Clothing,https://m.media-amazon.com/images/I/71cJRK7sMLL._AC_UL320_.jpg
"2021 Apple iPad 9th Gen (10.2 inch, Wi-Fi + Cellular, 64GB) Space Gray (Renewed)",309.00,124,Computers & Tablets,https://m.media-amazon.com/images/I/41filLhjgtL._AC_UL320_.jpg
"bravokids LCD Writing Tablet for Kids, 8.5 Inch Toddler Doodle Board Drawing Tablet, Educational and Learning Toys Unicorn Toys, Christmas Birthday Gifts for 3 4 5 6 7 Year Old Girls Boys (Purple)",18.99,71,Toys & Games,https://m.media-amazon.com/images/I/71KE2YR41zL._AC_UL320_.jpg
Unisex-Adult Adilette Clog Slide Sandal,49.99,4,Men's Shoes,https://m.media-amazon.com/images/I/61DouGlK6mL._AC_UL320_.jpg
"Aproca Hard Storage Travel Protective Case, for Canon EOS Rebel T7 DSLR Camera and Lens",22.99,105,Camera & Photo,https://m.media-amazon.com/images/I/71VitEwB9fL._AC_UL320_.jpg
"Razer Leviathan V2 X: PC-soundbar-with Full-Range Drivers - Compact Design - Chroma RGB - USB Type C Power-and Audio Delivery - Bluetooth 5.0-for PC,-Laptop, Smartphones, Tablets-&Nintendo Switch",99.99,88,Home Audio & Theater Products,https://m.media-amazon.com/images/I/61wdvpbe5vL._AC_UL320_.jpg
TUZIL Rug Gripper 16 Pack Double Sided Non-Slip Rug Pads Rug Tape Stickers,14.99,71,Home Decor Products,https://m.media-amazon.com/images/I/71+O4vhkFYL._AC_UL320_.jpg
Women's Terrex AX4 Sneaker - Hiking Shoe,49.93,117,Men's Shoes,https://m.media-amazon.com/images/I/81IusNGNYBL._AC_UL320_.jpg
"Sunrise Alarm Clock Wake Up Light for Kids, Adults, Heavy Sleepers with Dual Alarms, Snooze, Sleep Aid with 7 Nature Sounds, Alarm Clocks for Bedrooms with 8 Colors Night light, FM Radio, Gift Ideas",39.95,116,Home Audio & Theater Products,https://m.media-amazon.com/images/I/51-CRU3ZuoL._AC_UL320_.jpg
"GoPro HERO10 Black (Hero 10) - Waterproof Action Camera with Front LCD and Touch Rear Screens, New GP2 Engine, 5K HD Video, 23MP Photos, Live Streaming, 64GB Extreme Pro Card and Extra Battery",343.00,100,Camera & Photo,https://m.media-amazon.com/images/I/71whusjN11L._AC_UL320_.jpg
"Aligner Remover Tool 15 Pieces, Clear Aligner Removal Tool for Invisible Removable Braces, Oral Care Disassembly Accessories Compatible with Removable Braces,Aligners,Retainers,Dentures (5 Colors)",8.88,26,Beauty & Personal Care,https://m.media-amazon.com/images/I/61drV3u4xNL._AC_UL320_.jpg
"Elite Basketball Socks,running socks,Athletic Socks,Compression Cushion Socks for Men & Women",18.99,10,Men's Clothing,https://m.media-amazon.com/images/I/61W3IvB05NL._AC_UL320_.jpg
"HOOBRO Dining Table Set, Bar Table and Chairs Set, Bar Stools, 3-Piece Breakfast Table for Kitchen, Living Room, Party Room BF75CZ01G1",99.99,82,Furniture,https://m.media-amazon.com/images/I/71uuCIrJ+xL._AC_UL320_.jpg
"Toddler Children 360 U Shaped Toothbrush Kid Age 2-6&2-4&4-7&6-8 Yr All Rounded Teeth Brush Head Pack, Easy Circular Wide 3 Side Foam Manual Boy Girl Full Whole Mouth Guard Cepillo Dental Para Niños",9.99,67,Beauty & Personal Care,https://m.media-amazon.com/images/I/71rijYhnf1L._AC_UL320_.jpg
"ETUDE Dear Darling Water Gel Tint Plum Red #PK002 (21AD)| Long-lasting Effect up with Fruity, Juicy, Moist, and Vivid coloring",8.00,112,Makeup,https://m.media-amazon.com/images/I/417roO+3U9L._AC_UL320_.jpg
Men's Moab 2 Mid Gtx Hiking Boot,84.95,94,Men's Shoes,https://m.media-amazon.com/images/I/81jdgHd4ABS._AC_UL320_.jpg
"19 in 1 Dinosaur Truck Toys for Kids 3-5,Tyrannosaurus Car Toy with 15 Dino Figures,Large Activity Play Mat, Dinosaur Eggs, Dinosaur Play Set for Boys and Girls,Christmas Xmax,Stocking Stuffers",19.99,146,Toys & Games,https://m.media-amazon.com/images/I/81d8c3QPCxL._AC_UL320_.jpg
Mens 3 Pack Fleece Active Athletic Workout Jogger Sweatpants for Men with Zipper Pocket and Drawstring Size S-3XL,39.99,146,Men's Clothing,https://m.media-amazon.com/images/I/91XUMIlN-fL._AC_UL320_.jpg
Gold Bracelet Sets for Women Girls 14K Real Gold Chain Dainty Link Paperclip Bracelets Stake Adjustable Layered Metal Link Bracelet Set Fashion Jewelry,15.99,83,Women's Jewelry,https://m.media-amazon.com/images/I/71t6WC5kPuL._AC_UL320_.jpg
Corsair RM750e (2023) Fully Modular Low-Noise Power Supply - ATX 3.0 & PCIe 5.0 Compliant - 105°C-Rated Capacitors - 80 Plus Gold Efficiency - Modern Standby Support - Black,99.99,69,Computer Components,https://m.media-amazon.com/images/I/71XeKGayJaL._AC_UL320_.jpg
Men's Athletic Cushioned Crew Socks with Arch Compression for a Secure Fit (6-Pair),14.99,66,Outdoor Recreation,https://m.media-amazon.com/images/I/71F-nTsDyuL._AC_UL320_.jpg
"Gold Glass Rolling Bar Serving Cart Home on Lockable Wheels, Wine Drink Liquor Cart Stand for Home Kitchen Storage Club Party, Christmas, New Year",119.99,111,Furniture,https://m.media-amazon.com/images/I/61Zc45x7dIL._AC_UL320_.jpg
"652 Sight Words/Phonics Flash Cards, Learn to Read: CVC Blends, Short/Long Vowel Sounds, Dolch & Fry High Frequency Site Words + Games: Preschool PreK Kindergarten 1st 2nd 3rd Grade",34.99,29,Learning & Education Toys,https://m.media-amazon.com/images/I/81opUp6pdBL._AC_UL320_.jpg
Originals Men's Stan Smith (End Plastic Waste) Sneaker,85.00,89,Men's Shoes,https://m.media-amazon.com/images/I/41jua5IBHQL._AC_UL320_.jpg
"VTech Write and Learn Creative Center , White",21.99,93,Learning & Education Toys,https://m.media-amazon.com/images/I/6141dgz+bFL._AC_UL320_.jpg
12 Pcs 4'' Iridescent Ball Christmas Ornament Christmas Plastic Baubles Clear Iridescent Fillable Ornaments Ball Iridescent Christmas Ball Ornaments for Christmas Party Birthday Wedding Decorations,34.99,31,Home Decor Products,https://m.media-amazon.com/images/I/71d1t1iH2aL._AC_UL320_.jpg
"YOCOMEY 2 Packs Over the Door Shoe Organizer, 24 Extra Large Mesh Pockets Hanging Shoe Boots Rack Holder, Closet Hanging Organizers for Storage Sneakers High Heeled Shoes Slippers (White)",19.99,19,Furniture,https://m.media-amazon.com/images/I/71gegBCGb2L._AC_UL320_.jpg
"Chunky Hoop Earrings Set 14K Gold Hoop Earrings for Women Hypoallergenic, Thick Hoops Earring set, Twist Huggie Hoop Earring",13.99,87,Women's Jewelry,https://m.media-amazon.com/images/I/71OL3vJPZgL._AC_UL320_.jpg
"VTech Spin and Learn Color Flashlight Amazon Exclusive, Pink",14.99,94,Learning & Education Toys,https://m.media-amazon.com/images/I/61VsagSXfPL._AC_UL320_.jpg
American Heritage 8” Moc Toe Work Boots For Men Breathable Leather Boots With Slip-Resistant MAXWear Wedge Outsole and Goodyear Storm Welt,253.85,110,Men's Shoes,https://m.media-amazon.com/images/I/71fCpf+5k0L._AC_UL320_.jpg
"Sound Bars for TV, Wired and Wireless Bluetooth 5.0 TV Stereo Speakers Soundbar 32’’ Home Theater Surround Sound System Optical/Coaxial/RCA Connection, Wall Mountable",47.99,14,Home Audio & Theater Products,https://m.media-amazon.com/images/I/515v7SQ+ToL._AC_UL320_.jpg
"Lenovo Ideapad 3i, 15.6"" FHD (1920 x 1080) Anti-Glare Display, Intel Core i3 11th Gen 1115G4 up to 3.00 GHz, 8GB DDR4 RAM, 256GB SSD, Webcam, Bluetooth, Windows 11 Home, Blue, EAT Mouse Pad",399.00,28,Computers & Tablets,https://m.media-amazon.com/images/I/61Qpsca3nbL._AC_UL320_.jpg
"Large Travel Backpack For Women Men,Carry On Backpack,Hiking Backpack Waterproof Outdoor Sports Rucksack Casual Daypack Travel Essentials（Black）",26.99,26,Women's Handbags,https://m.media-amazon.com/images/I/71iCqzNUIfL._AC_UL320_.jpg
"Happy Wax Savory Mix Scented Natural Soy Wax Melts – 8 Oz. of Scented Wax Melts, Made in USA",19.95,119,Home Decor Products,https://m.media-amazon.com/images/I/61qGCe9rb3L._AC_UL320_.jpg
"Temporary Tooth Repair Beads, Broken Teeth Repair Temporary Repair Broken Teeth For Snap Lid Missing[F2]",4.71,90,Beauty & Personal Care,https://m.media-amazon.com/images/I/410+0X2Z0zL._AC_UL320_.jpg
"Rubber Hunting Boots with 800g Insulation, Waterproof Insulated Realtree Xtra Camo Warm Rubber Boots with 7mm Neoprene, Durable Outdoor Hunting Boots for Men (Size 5-14)",116.99,91,Men's Shoes,https://m.media-amazon.com/images/I/71kZEdLPuIL._AC_UL320_.jpg
"Replacement Parts for iRobot Roomba i8 i8+ i7 i7+ i6 i6+ i4 i3 i3+ Plus J7 E5 E6 E7 i&E&J Series Vacuum Cleaner, 1 Set of Multi-Surface Rubber Brushes + 3 HEPA Filters + 3 Edge-Sweeping Brushes",12.99,141,Home Appliances,https://m.media-amazon.com/images/I/617WPVG2MiL._AC_UL320_.jpg
"Headphones Wireless Bluetooth 70 Hours Playtime Bluetooth Headphones with Microphone,3EQ Modes,Over-Ear Headphones HiFi Stereo Foldable Lightweight,Deep Bass for Home Traver Work PC/Callphones",16.99,76,Cell Phones & Accessories,https://m.media-amazon.com/images/I/71ivI5fSTbL._AC_UL320_.jpg
"Hanes Men's Double Tough Crew Socks, 12-Pair Pack",14.98,131,Sports & Fitness,https://m.media-amazon.com/images/I/81iKJ1CM21L._AC_UL320_.jpg
Under Armour Men's Storm Liner,8.84,60,Outdoor Recreation,https://m.media-amazon.com/images/I/41aDehYgDzL._AC_UL320_.jpg
Tonies Halloween Audio Play Character with Spooky Songs,19.99,13,Learning & Education Toys,https://m.media-amazon.com/images/I/71cQWqPiGpL._AC_UL320_.jpg
Natural Elephant Exfoliating Hammam Glove - Pure Black,5.99,7,Skin Care Products,https://m.media-amazon.com/images/I/71Lkd6dc0BL._AC_UL320_.jpg
ELEGOO UNO R3 Project Most Complete Starter Kit with Tutorial Compatible with Arduino IDE (63 Items),59.99,104,Computer Components,https://m.media-amazon.com/images/I/81a-MDAmb8L._AC_UL320_.jpg
"12 Water Filters for Keurig K-Mini, K-Slim, K-Duo, K-Supreme, K-Classic, K-Elite, K-Select, K-Cafe, K-Compact, K-Express - Universal Fit Replacement Water Filter for Keurig Coffee Makers",9.95,45,Home Appliances,https://m.media-amazon.com/images/I/71-A8P++1pL._AC_UL320_.jpg
"HOTWAV R6 Ultra Rugged Tablet Android 13, 15600mAh 10.4 Inch 2K FHD+, 16(8+8Virtual) GB+256GB/(2TB TF) Waterproof Tablet PC, 16MP+16MP Octa-Core IP68&IP69K/Dual SIM 4G LTE/5G WiFi/Face ID/GPS/OTG",289.99,18,Computers & Tablets,https://m.media-amazon.com/images/I/71EzzS8+mCL._AC_UL320_.jpg
"MLVOC Travel Pillow 100% Pure Memory Foam Neck Pillow, Comfortable & Breathable Cover, Machine Washable, Airplane Travel Kit with 3D Contoured Eye Masks, Earplugs, and Luxury Bag, Standard (Black)",19.99,144,Bedding,https://m.media-amazon.com/images/I/81Sydpd7NFL._AC_UL320_.jpg
"AW BRIDAL Ceramic Engagement Gifts For Couples Newly Engaged Unique Coffee Mugs Set Of 2, 12 Oz| Bachelorette Bridal Shower Gift For Bride, Anniversary Wedding Gifts For Couple Housewarming Gift Ideas",24.95,87,Kitchen & Dining,https://m.media-amazon.com/images/I/61gaVlgQ8VL._AC_UL320_.jpg
"Microsoft Surface Pro X – 13"" Touch-Screen – SQ1 - 8GB Memory - 128GB Solid State Drive – Wifi, 4G Lte – Matte Black",446.20,122,Computers & Tablets,https://m.media-amazon.com/images/I/71WPXY5GhgL._AC_UL320_.jpg
CHARMKING Compression Socks for Women & Men Circulation (3 Pairs) 15-20 mmHg is Best Support for Athletic Running Cycling,13.99,81,Outdoor Recreation,https://m.media-amazon.com/images/I/71TDc5P+R9L._AC_UL320_.jpg
Raycon The Everyday Bluetooth Wireless Earbuds with Microphone- Stereo Sound in-Ear Bluetooth Headset True Wireless Earbuds 32 Hours Playtime (Matte Blue),79.99,3,Cell Phones & Accessories,https://m.media-amazon.com/images/I/61h4RXE6jEL._AC_UL320_.jpg
"Gold Hoop Earrings Set for Women, 6 Pairs 14K Gold Plated Lightweight Hypoallergenic Chunky Open Hoops Jewelry for Gift",16.97,20,Women's Jewelry,https://m.media-amazon.com/images/I/71biAvpXE2L._AC_UL320_.jpg
Women's Joy Shoulder Bag,76.49,138,Women's Handbags,https://m.media-amazon.com/images/I/61HReJR8NSL._AC_UL320_.jpg
Utopia Bedding Quilted Fitted Mattress Pad (Queen) - Elastic Fitted Mattress Protector - Mattress Cover Stretches up to 16 Inches Deep - Machine Washable Mattress Topper,21.99,8,Bedding,https://m.media-amazon.com/images/I/810Kq8+YGvL._AC_UL320_.jpg
"Magnetic Wooden Fishing Game Toy for Toddlers, Alphabet Fish Catching Counting Games Puzzle with Numbers and Letters, Preschool Learning ABC and Math Educational Toys for 3 4 5 Years Old Girl Boy Kids",15.90,81,Learning & Education Toys,https://m.media-amazon.com/images/I/81I6v3-wMlL._AC_UL320_.jpg
Women's Lowpointed Low Heel Dress Pump Shoes,47.99,21,Women's Shoes,https://m.media-amazon.com/images/I/61men05KRxL._AC_UL320_.jpg
"Mulberry Silk Pillowcase for Hair and Skin Standard Size 20""X 26"" with Hidden Zipper Soft Breathable Smooth Cooling Pillow Covers for Sleeping(Haze Blue,1Pcs)",11.99,11,Bedding,https://m.media-amazon.com/images/I/61KDq9qn25L._AC_UL320_.jpg
"Arc Water Bottle With Time Marker - Motivational Water Bottles With Times To Drink - BPA Free Frosted Plastic - Gym, Sports, Outdoors (32oz, clear)",15.99,82,Kitchen & Dining,https://m.media-amazon.com/images/I/71MqXSvDq5L._AC_UL320_.jpg
Meta Quest 2 - Advanced All-In-One Virtual Reality Headset - 128 GB (Renewed Premium),269.99,61,Video Games,https://m.media-amazon.com/images/I/61kwRNPtMpL._AC_UY218_.jpg
"PU Leather Bag Purses Sets for Women, Large Tote Bag and Wallet, Portable Quilted Shoulder Bag Versatile Handbag with Purse",34.99,67,Women's Handbags,https://m.media-amazon.com/images/I/51Lz5w6L7YL._AC_UL320_.jpg
"Amazon Basics Computer Monitor TV Replacement Power Cord, 3', Black",6.35,40,Home Audio & Theater Products,https://m.media-amazon.com/images/I/81E-+dyJJvL._AC_UL320_.jpg
Tees Premium Fitted Men's T-Shirts - Crew Neck,109.99,132,Men's Clothing,https://m.media-amazon.com/images/I/514weKQX7vL._AC_UL320_.jpg
"Linenspa Waterproof Smooth Top Premium Twin Mattress Protector, Breathable & Hypoallergenic Twin Mattress Covers - Packaging May Vary, White",15.99,74,Bedding,https://m.media-amazon.com/images/I/71HpMczUGaL._AC_UL320_.jpg
Crossbody Bags for Women 2PCS Vegan Leather Hobo Purses Wallet Set Shoulder Handbags With Wide Shoulder Strap,31.99,59,Women's Handbags,https://m.media-amazon.com/images/I/81gvD4LVipL._AC_UL320_.jpg
Flare Jumpsuits for Women Spaghetti Straps Scoop Neck Bodycon Full Length Casual Unitard Playsuit,36.99,97,Women's Clothing,https://m.media-amazon.com/images/I/51-7Wpo4pRL._AC_UL320_.jpg
Intel Core i7-13700K (Latest Gen) Gaming Desktop Processor 16 cores (8 P-cores + 8 E-cores) with Integrated Graphics - Unlocked,375.99,66,Computer Components,https://m.media-amazon.com/images/I/61m0zH-NiTL._AC_UL320_.jpg
"Sukin Organics Moisture Restoring Night Cream, 4.06 Fl. Oz.",12.79,64,Skin Care Products,https://m.media-amazon.com/images/I/61zHVX81f9L._AC_UL320_.jpg
"Hooded Rain Poncho for Adult with Pocket, Waterproof Lightweight Unisex Raincoat for Hiking Camping Emergency",16.95,60,Men's Clothing,https://m.media-amazon.com/images/I/61nQuejTUGL._AC_UL320_.jpg
"Grande Cosmetics GrandeFANATIC Fanning and Curling Mascara, 0.37 oz.",25.00,146,Makeup,https://m.media-amazon.com/images/I/51CEegrpbPL._AC_UL320_.jpg
"Juice Beauty GREEN APPLE Firming Peptide Body Moisturizer Lotion, Antioxidant-Rich Green Apple, Peptides, Brightens and Firms Skin, Deeply Hydrating and Non-Greasy Formula - 8 fl oz",25.00,35,Skin Care Products,https://m.media-amazon.com/images/I/61NFQZIuRwL._AC_UL320_.jpg
"VASAGLE Slim Rolling Cart, 5-Tier Storage Cart, Narrow Cart with Handle, 8.7 Inches Deep, Metal Frame, for Kitchen, Dining Room, Living Room, Home Office, Rustic Brown and Black ULRC035B01",48.99,138,Furniture,https://m.media-amazon.com/images/I/813JIFaVQ3L._AC_UL320_.jpg
Women's Elastic Chelsea Boots Chunky Block Heel Platform Lug Sole Ankle Booties,44.99,119,Women's Shoes,https://m.media-amazon.com/images/I/71FVc143-uL._AC_UL320_.jpg
Buddha Teas - Holy Basil - Organic Herbal Tea - For Cognitive Balance & Overall Health - Ayurvedic Tulsi - With Antioxidants - Caffeine Free - 100% Kosher & Non-GMO - 18 Tea Bags (Pack of 1),8.97,79,Kitchen & Dining,https://m.media-amazon.com/images/I/61GveOpU+jL._AC_UL320_.jpg
Status Audio Between Pro True Wireless Earbuds - Small Charging Case - 4 Microphones - Hybrid Triple Driver - 12 + 36 Hour Battery - Bluetooth 5.2 - Noise-Isolating Fit - IPX5 Water Resistant Ear Buds,98.99,28,Headphones & Earbuds,https://m.media-amazon.com/images/I/61iWcvInr9L._AC_UL320_.jpg
"Treela 20 Pieces Acrylic Shoe Wall Shelf Floating Shoe Display Shelf Easy to Install Sneaker Shelves Wall Mounted for Collectible Collections, Includes Cross Screws, Expansion Tubes (Clear, Medium)",35.99,60,Furniture,https://m.media-amazon.com/images/I/71YSWrDf18L._AC_UL320_.jpg
"Imperative Décor Floating Wall Shelves Set of 2 - Functional & Rustic Wooden Shelve for Home Furnishing, Bathroom, Kitchen, & Farmhouse - USA Handmade (Light Walnut, 24 Inch Long x 5.5 Inch)",49.97,3,Home Decor Products,https://m.media-amazon.com/images/I/71rdhTN0EzL._AC_UL320_.jpg
"Chiller Series 48qt Insulated Portable Cooler, Ice Retention Hard Cooler with Heavy Duty Handles",39.99,87,Outdoor Recreation,https://m.media-amazon.com/images/I/71ZhvfATjrL._AC_UL320_.jpg
Fisher-Price Laugh & Learn Baby Learning Toy Smart Stages Piggy Bank With Music & Phrases For Infant To Toddler Ages 6+ Months,15.99,63,Learning & Education Toys,https://m.media-amazon.com/images/I/61tqXcb2goL._AC_UL320_.jpg
"Nxtrnd XTD Scrunch Football Socks, Extra Long Padded Sport Socks for Men & Boys",19.95,11,Men's Clothing,https://m.media-amazon.com/images/I/713L27KDkeL._AC_UL320_.jpg
Women's Boston Clogs Adjustable Buckle Slip on Cork Footbed Home Clog Slippers,38.99,59,Women's Shoes,https://m.media-amazon.com/images/I/71FUVLEythL._AC_UL320_.jpg
Thermaltake Toughpower GF1 850W 80+ Gold SLI/ CrossFire Ready Ultra Quiet 140mm Hydraulic Bearing Smart Zero Fan Full Modular Power Supply 10 Year Warranty PS-TPD-0850FNFAGU-1,107.72,55,Computer Components,https://m.media-amazon.com/images/I/71EBGPzoYkL._AC_UL320_.jpg
"[2 Pack]Mini Portable Charger for iPhone 5200mAh,20W Fast Charging Power Bank for iPhone,Compact Battery Pack,Travel Portable Phone Charger Compatible with iPhone 14/14 Pro Max/13/12/11/X/8/7/6 Plus..",39.95,80,Cell Phones & Accessories,https://m.media-amazon.com/images/I/71pFQWYjnCL._AC_UL320_.jpg
Women's Fuzzy Memory Foam Slippers Fluffy Winter House Shoes Indoor and Outdoor,19.99,65,Women's Shoes,https://m.media-amazon.com/images/I/71fnIod1SqL._AC_UL320_.jpg
"Nulaxy Dual Folding Cell Phone Stand, Fully Adjustable Foldable Desktop Phone Holder Cradle Dock Compatible with Phone 14 13 12 11 Pro Xs Xs Max Xr X 8, Nintendo Switch, All Phones",8.99,86,Cell Phones & Accessories,https://m.media-amazon.com/images/I/61srjyM7TFL._AC_UL320_.jpg
"Gigabyte GeForce RTX 4060 AERO OC 8G Graphics Card, 3X WINDFORCE Fans, 8GB 128-bit GDDR6, GV-N4060AERO OC-8GD Video Card",324.99,79,Computer Components,https://m.media-amazon.com/images/I/71exYzoMrqL._AC_UL320_.jpg
"Selfie Stick Long Pole (118""/3M) Carbon Fiber Waterproof Dive Extension Monopod for GoPro Max Go Pro Hero 12 11 10 9 8 7 6 DJI Action 3 4 Insta360 X3 GO 3 Bike Motorcycle Cycling Accessories",45.99,3,Camera & Photo,https://m.media-amazon.com/images/I/515cAbnS5gL._AC_UL320_.jpg
"279838 Dryer Heating Element, 3392519 & 3977393 Thermal Fuse, 3977767 & 3387134 Clothes Dryer Replacement Parts Compatible, Whirlpool Kenmore Roper Amana",25.99,143,Home Appliances,https://m.media-amazon.com/images/I/71l60ULS1nL._AC_UL320_.jpg
Small Gold Huggie Hoop Earrings Set for Women 14K Real Gold Plated Hypoallergenic Lightweight Earrings for Sensitive Ears Everyday Earrings for Cartilage Piercings 6mm/8m/10mm/12mm(4 Pair),13.49,114,Women's Jewelry,https://m.media-amazon.com/images/I/610iyY4kvvL._AC_UL320_.jpg
"LEGO DUPLO Town Truck & Tracked Excavator Construction Vehicle 10931 Toy for Toddlers 2-4 Years Old Girls & Boys, Fine Motor Skills Development and Learning Toy",15.99,140,Toys & Games,https://m.media-amazon.com/images/I/819cX0+kuLL._AC_UL320_.jpg
"Seat Cushion, Lumbar Support Pillow with Adjustable Strap-Chair Cushions for Sciatica Pain Relief-with Washable Cover Memory Foam for Car, Travel and Wheelchair-Black",29.99,134,Bedding,https://m.media-amazon.com/images/I/71WIaB4l9+L._AC_UL320_.jpg
"SAMSUNG Galaxy Buds 2 Pro True Wireless Bluetooth Earbuds w/ Noise Cancelling, Hi-Fi Sound, 360 Audio, Comfort Ear Fit, HD Voice, Conversation Mode, IPX7 Water Resistant, US Version, Graphite",179.45,99,Headphones & Earbuds,https://m.media-amazon.com/images/I/51146mqL2nL._AC_UL320_.jpg
"Epionce Renewal Eye Cream: Anti-Aging, Dark Circles & Puffiness, Hyaluronic Acid, Under Eye Brightener",55.00,20,Skin Care Products,https://m.media-amazon.com/images/I/418ru2UVszL._AC_UL320_.jpg
"Swann Add-On DVR Bullet Security Camera System with Sensor Spotlight, 1080p Full HD Video, Indoor or Outdoor Design, Dusk to Dawn Color Night Vision Plus True Detect™ Heat and Motion Detection",59.99,70,Camera & Photo,https://m.media-amazon.com/images/I/71Yb6ht2-zL._AC_UL320_.jpg
"Vaseline Intensive Care Body Lotion for Dry Skin Cocoa Radiant Lotion Made with Ultra-Hydrating Lipids and Pure Cocoa Butter for a Long-Lasting, Radiant Glow 20.3 oz",7.49,95,Skin Care Products,https://m.media-amazon.com/images/I/71pBE5pYr4L._AC_UL320_.jpg
"Enzymatic Teeth Whitening Toothpaste, SLS-Free, Fluoride-Free, Non-Foaming (Mild Mint 4.41 Ounce)",28.00,72,Beauty & Personal Care,https://m.media-amazon.com/images/I/51rDoHshN-L._AC_UL320_.jpg
Boob Tape Boobtape for Breast Lift | Includes Nipple Covers | Body Tape for Push up & Shape | Works Great with Sticky Bra Backless Bra or Strapless Bra | Waterproof Sweat-Proof Bob Tape,9.95,20,Women's Clothing,https://m.media-amazon.com/images/I/61FvQ-qnxrL._AC_UL320_.jpg
Jet Set Travel Signature PVC Medium Logo Chain Crossbody Flight Bag,79.01,19,Women's Handbags,https://m.media-amazon.com/images/I/71vTbo1+0OL._AC_UL320_.jpg
Xbox Series S – 512GB SSD All-Digital Gaming Console – 1440p Gaming – 4K Streaming – Robot White,298.00,139,Video Games,https://m.media-amazon.com/images/I/61f1agMOeTL._AC_UY218_.jpg
"5 Pairs Stud Earrings Set, Hypoallergenic Cubic Zirconia 316L Earrings Stainless Steel CZ Earrings 3-8mm, Rose Gold",9.99,114,Women's Jewelry,https://m.media-amazon.com/images/I/61Bo7RLeiTL._AC_UL320_.jpg
Mario Kart 8 Deluxe - US Version,48.58,11,Video Games,https://m.media-amazon.com/images/I/81mqZx5X1XL._AC_UY218_.jpg
"Stackable Rolling Egg Container for Refrigerator 36 Count,Large Capacity Egg Holder for Refrigerator Plastic, Fridge Egg Organizer for Refrigerator Egg Storage",16.99,28,Home Appliances,https://m.media-amazon.com/images/I/61PuaDk-xDL._AC_UL320_.jpg
Wireless Earbuds Bluetooth Headphones 60H Playtime Ear Buds with LED Power Display Charging Case Earphones in-Ear Earbud with Microphone for Android Cell Phone Gaming Computer Laptop Sport Black,25.49,78,Cell Phones & Accessories,https://m.media-amazon.com/images/I/613+h5iz9VL._AC_UL320_.jpg
"Yecuce Castor Oil for Hair Growth,Organic One Single Ingredient Cold Pressed Castor Oil,Stimulate Thicker Fuller Hair Eyelashes Eyebrows Growth Serum,Scalp Face Body Skin Nail Moisturizer for Unisex",9.99,85,Skin Care Products,https://m.media-amazon.com/images/I/71dNfbsGd7L._AC_UL320_.jpg
ASUS Powerful Blu-ray Drive with 16x Writing Speed and USB 3.0 for Both Mac/PC Optical Drive BW-16D1X-U,124.99,21,Computer Components,https://m.media-amazon.com/images/I/81mvgtIwSaL._AC_UL320_.jpg
Women's Tasman Slipper,109.95,150,Women's Shoes,https://m.media-amazon.com/images/I/811ATBGES0L._AC_UL320_.jpg
"BORDSTRACT 1100PCS Interdental Toothpicks, Dental Picks Plastic Toothpicks, with Clear Case Safe Sturdy Teeth Stick Double Head Teeth Cleaning Tool(Green)",12.79,30,Beauty & Personal Care,https://m.media-amazon.com/images/I/71+IbKSO6XL._AC_UL320_.jpg
Final Fantasy VII Rebirth - Deluxe Edition (PS5),99.99,44,Video Games,https://m.media-amazon.com/images/I/71KaA1wvwZL._AC_UY218_.jpg
"Maksutov-Cassegrain Telescope for Adults Kids Astronomy Beginners, Sarblue Mak60 Catadioptric Compound Telescope 750x60mm, Compact Portable Travel Telescope, with Tabletop Tripod Phone Adapter",129.99,57,Camera & Photo,https://m.media-amazon.com/images/I/518prISXPdL._AC_UL320_.jpg
"EASELAND King Size Mattress Pad Pillow Top Mattress Cover Quilted Fitted Mattress Protector Cotton 8-21"" Deep Pocket Cooling Topper (78x80 Inches, White)",49.11,18,Bedding,https://m.media-amazon.com/images/I/61+GRc9EwgL._AC_UL320_.jpg
PlayStation DualSense Wireless Controller – Midnight Black,69.00,21,Video Games,https://m.media-amazon.com/images/I/61O9tWR6WDS._AC_UY218_.jpg
Official Renaissance World Tour Merch Disco Cowboy Hat T-Shirt,40.00,9,Men's Clothing,https://m.media-amazon.com/images/I/71Uxhfi5KQL._AC_UL320_.jpg
PlayStation 5 Console (PS5),499.99,96,Video Games,https://m.media-amazon.com/images/I/51eOztNdCkL._AC_UY218_.jpg
"Ascher USB Rechargeable Bike Light Set,Super Bright Front Headlight and Rear LED Bicycle Light,650mah Lithium Battery,4 Light Mode Options(2 USB Cables and 4 Strap Included)",15.99,71,Outdoor Recreation,https://m.media-amazon.com/images/I/61xNcnVAjQL._AC_UL320_.jpg
"Cookie Cutters 4"" to 3"" Set of 6 Mickey & Minnie Mouse Unicorn Dinosaur Heart Star Hot Biscuit Cake Fondant Pancake Cutter Mold for Kids Children Holiday Celebration Birthday Party",7.79,83,Kitchen & Dining,https://m.media-amazon.com/images/I/51t938yOPEL._AC_UL320_.jpg
"Highwings 8K@60 HDMI Cable 10FT/3M, 48Gbps 2.1 High Speed HDMI Braided Nylon 4K120 144Hz RTX 3090 eARC HDR10 4:4:4 HDCP 2.2&2.3 Compatible for PS5, PS4, UHD TV and PC",14.99,46,Home Audio & Theater Products,https://m.media-amazon.com/images/I/71GlSSNBWQL._AC_UL320_.jpg
"Clear Delicate Crossbody Purse Bag, Stadium Approved Transparent Bag for Festivals, Sports Events, Small Concerts Bag",11.99,100,Women's Handbags,https://m.media-amazon.com/images/I/71k9jvoKa2L._AC_UL320_.jpg
The Legend of Zelda: Tears of the Kingdom - Nintendo Switch (US Version),59.49,100,Video Games,https://m.media-amazon.com/images/I/91hN+j+G7LL._AC_UY218_.jpg
"Cupcake Stand Tower, 2 Pack, White, 3 Tiered, Cup Cake Stand Cardboard Dessert Holder for Parties (White)",11.99,3,Kitchen & Dining,https://m.media-amazon.com/images/I/71lIxhnh4GL._AC_UL320_.jpg
"Aigostar Electric Kettle Temperature Control & Tea Infuser 1.7L, Hot Water Tea Kettle with Variable Temperature LED Indicator Light Change Auto Shut-Off",34.99,114,Kitchen & Dining,https://m.media-amazon.com/images/I/71kpP0gHMSL._AC_UL320_.jpg
"iHaHa Airplane Toys with Toy Car Track Set, Airplane Toys for 2+ 3 Year Old, Garage Parking Lot Playset with 14 Road Signs 4 Inertial Cars 1 Map, Toddler Boy Toys Birthday Gift for 2 3 4 5 6 Years Old",32.99,70,Toys & Games,https://m.media-amazon.com/images/I/81jRSO1jg8L._AC_UL320_.jpg
"Bedsure Twin XL Mattress Pad Dorm Bedding - Soft Mattress Cover for College, Extra Long Twin Quilted Mattress Protector with Deep Pocket Fits up to 21"", Breathable Fluffy Pillow Top (White, 39""x80"")",25.49,149,Bedding,https://m.media-amazon.com/images/I/81dTkiWb-WL._AC_UL320_.jpg
Unicorn Overlord: Collector's Edition - Nintendo Switch,129.99,46,Video Games,https://m.media-amazon.com/images/I/81YKKeW9USL._AC_UY218_.jpg
"QuTZ ABC Learning Flash Cards for Toddlers 2-4, Autism Toys, Speech Therapy Toys, Educational Talking Flash Cards Kindergarten for Boys and Girls, 248 Sight Words Blue",27.89,146,Learning & Education Toys,https://m.media-amazon.com/images/I/71445mlARIL._AC_UL320_.jpg
"Viking Revolution Skin Toner for Men, Facial Toner Spray for Mens Face Care, Toner for Face - Hydrating Toner for Oily Skin, Balancing Toner for Sensitive Skin - Natural Facial Toner for Men (8oz)",9.88,128,Skin Care Products,https://m.media-amazon.com/images/I/71ErrhrpOPL._AC_UL320_.jpg
"USB C GaN Charger 30W, Anker 511 Charger (Nano 3), PIQ 3.0 Foldable PPS Fast Charger for iPhone 15/15 Pro/14/14 Pro Max/13, Galaxy, iPad (Cable Not Included)-Phantom Black",19.99,35,Cell Phones & Accessories,https://m.media-amazon.com/images/I/71ykbhPo7uL._AC_UL320_.jpg
"SAMSUNG HW-C450 2.1ch Soundbar w/DTS Virtual X, Subwoofer Included, Bass Boost, Adaptive Sound Lite, Game Mode, Bluetooth, Wireless Surround Sound Compatible (Newest Model),Black",167.99,124,Home Audio & Theater Products,https://m.media-amazon.com/images/I/61jQT2fEYWL._AC_UL320_.jpg
Ailun Privacy Screen Protector for iPhone 12 Pro Max 2020 [6.7 Inch] 2Pack Anti Spy Private Case Friendly Tempered Glass [Black][2 Pack],8.98,56,Cell Phones & Accessories,https://m.media-amazon.com/images/I/71XmQh5SPML._AC_UL320_.jpg
"BuzzPatch Mosquito Patch Stickers for Kids (60 Pack) - The Original All Natural Citronella Essential Oil Insect Patch, Plant Based Ingredients, Non-Toxic, DEET Free, for Toddlers, Kids",14.95,88,Outdoor Recreation,https://m.media-amazon.com/images/I/81mTAbt70aL._AC_UL320_.jpg
"Heart Shaped Ring Gift Box with LED Light, Velvet Earrings Jewelry Case with Light, Jewellry Display Box for Wedding, Engagement, Proposal, Birthday and Anniversary (Black)",7.99,98,Home Decor Products,https://m.media-amazon.com/images/I/61MtDPSZphS._AC_UL320_.jpg
Sanrio Hello Kitty Halloween Cosplay Womens Double Strap Shoulder Bag Purse,89.99,31,Women's Handbags,https://m.media-amazon.com/images/I/81xwxFfF2VL._AC_UL320_.jpg
Iron Flask Water Bottle Cleaning Scrubbing Brush,10.95,59,Outdoor Recreation,https://m.media-amazon.com/images/I/51v0b8PDopL._AC_UL320_.jpg
"V8 Bluetooth Headphones, 80 Hours Playtime Wireless Headphones with Deep Bass,Lightweight Foldable Headphones Built-in Mic,HiFi Stereo Sound for Travel Work Laptop PC Cellphone",18.89,113,Cell Phones & Accessories,https://m.media-amazon.com/images/I/718b3te4OqL._AC_UL320_.jpg
Women's Disquette Slipper,109.95,129,Women's Shoes,https://m.media-amazon.com/images/I/81GKFLAbaAS._AC_UL320_.jpg
GIGABYTE B550 UD AC (AM4/ AMD/ B550/ ATX/Dual M.2/ SATA 6Gb/s/USB 3.2 Gen 2/ Intel 802.11a/b/g/n/ac/Realtek GbE LAN/PCIe 4.0/ Motherboard),119.99,64,Computer Components,https://m.media-amazon.com/images/I/71Y2xh0nQHL._AC_UL320_.jpg
Bodysuit for Women Tummy Control Shapewear Seamless Sculpting Thong Body Shaper Tank Top,37.99,21,Women's Clothing,https://m.media-amazon.com/images/I/71EPHz3fArL._AC_UL320_.jpg
"VONLUCE Foot Stool, Small Foot Rest for Couch, 16"" H Vintage Upholstered Tufted Stool with Cushion Wood Frame for Dining Living Room Entryway, Makeup Vanity Stool Step Stool, Beige",59.99,57,Furniture,https://m.media-amazon.com/images/I/61H42dc9Q2L._AC_UL320_.jpg
Sweater Sets Women 2 Piece Lounge Sets Short Sleeve Knit Pullover Tops Wide Leg Pants,36.54,142,Women's Clothing,https://m.media-amazon.com/images/I/71hn76ZYwsL._AC_UL320_.jpg
Unisex Everyday Cushion Crew 3 Pair,17.99,38,Men's Clothing,https://m.media-amazon.com/images/I/71XHPuLiHVL._AC_UL320_.jpg
"Double Sided Tape for Fashion, Clothing and Body (50 Strip Pack) | All Day Strength Tape Adhesive and Gentle on Skin and Fabrics | Transparent Clear Color for All Skin Shades",12.99,28,Women's Clothing,https://m.media-amazon.com/images/I/71R5KCBtizL._AC_UL320_.jpg
"Shankara Anti-Age Vitamin C Serum for Face - Herbal Anti Aging Serum Hydrating Formulation, Naturally Nourishes & Rejuvenates Skin, For Face Care and Neck Area (30ml)",74.99,24,Skin Care Products,https://m.media-amazon.com/images/I/71rbc1zt7JL._AC_UL320_.jpg
Anti-Theft Heritage Crossbody Bag,39.99,111,Women's Handbags,https://m.media-amazon.com/images/I/91C1yUEq-fL._AC_UL320_.jpg
"American Metalcraft HACTP16 Coupe Style Pan, Heavy Weight, 14 Gauge Thickness, 16"" Dia., Aluminum, Silver",7.80,68,Kitchen & Dining,https://m.media-amazon.com/images/I/61lVPffpNtL._AC_UL320_.jpg
100Pcs Orthodontic Rotation Wedges Ligature Rotary Pad Dental Elastic Rubber Bands (Clear),13.66,144,Beauty & Personal Care,https://m.media-amazon.com/images/I/61xfvzK+4TL._AC_UL320_.jpg
"VCE HDMI 90 and 270 Degree Adapter 2-Pack, Right Angle HDMI Male to Female L Adapter Connector 3D&4K Supported",6.99,60,Home Audio & Theater Products,https://m.media-amazon.com/images/I/51SR6cgljkL._AC_UL320_.jpg
Leather Wallets for Women RFID Blocking Zipper Pocket Small Bifold Wallet Card Case,27.99,32,Women's Handbags,https://m.media-amazon.com/images/I/61xeZ78utXL._AC_UL320_.jpg
"VASAGLE Echo Collection Bar Stools Set of 2, Kitchen Counter Stools, Breakfast Stools, Synthetic Leather with Stitching, 24.8-Inch Tall, Home Bar Dining Room, Easy Assembly, Forest Green ULBC080C01",99.99,118,Furniture,https://m.media-amazon.com/images/I/71l0f-knFUL._AC_UL320_.jpg
"Men's Crew T-Shirts, Multipack, Style G1100",18.99,111,Men's Clothing,https://m.media-amazon.com/images/I/61Zf5AAGPWL._AC_UL320_.jpg
Home Acre Designs Vintage Farmhouse Utensil Holder - Stylish Countertop Organizer and Kitchen Decor Caddy - Stainless Steel Rim - White,14.99,132,Kitchen & Dining,https://m.media-amazon.com/images/I/61uuNH5MWRS._AC_UL320_.jpg
Women's Classic Mini II Winter Boot,159.95,30,Women's Shoes,https://m.media-amazon.com/images/I/717tN5NpFmL._AC_UL320_.jpg
"Edifier MR4 Powered Studio Monitor Speakers, 4"" Active Near-Field Monitor Speaker - White (Pair)",129.99,9,Home Audio & Theater Products,https://m.media-amazon.com/images/I/51N0VF1L7uL._AC_UL320_.jpg
"ROSE GOLD 2 In 1 Matte Lipstick & Liquid Lipstick, Matte Finish, Nude, Full Color Lipstick, Long Lasting Waterproof Velvet Lip Gloss (04)",6.99,14,Makeup,https://m.media-amazon.com/images/I/618TN+rFEpL._AC_UL320_.jpg
14K Gold Convertible Link Earrings for Women | Paperclip Link Chain Earrings | Drop Dangle Earrings,13.95,32,Women's Jewelry,https://m.media-amazon.com/images/I/61A1q3UzjKL._AC_UL320_.jpg
"SAMSUNG Galaxy Tab S6 Lite 10.4"" 64GB Android Tablet, S Pen Included, Slim Metal Design, AKG Dual Speakers, Long Lasting Battery, US Version, 2020, Oxford Gray",241.82,124,Computers & Tablets,https://m.media-amazon.com/images/I/51bia84JhhL._AC_UL320_.jpg
"Utopia Bedding Bed Pillows for Sleeping Queen Size (White), Set of 2, Cooling Hotel Quality, Gusseted Pillow for Back, Stomach or Side Sleepers",26.99,61,Bedding,https://m.media-amazon.com/images/I/61txMSeT2yL._AC_UL320_.jpg
BEIYANG 2 PCS Photo Backdrop Boards with 2 PCS Brackets for Flat Lay or Food Photography Background,49.99,145,Camera & Photo,https://m.media-amazon.com/images/I/71XRtHnTIgL._AC_UL320_.jpg
Revolution Good Vibes Chilled Bomb Lip Oil,7.00,148,Skin Care Products,https://m.media-amazon.com/images/I/71MSFAzqssL._AC_UL320_.jpg
"RORSOU R10 Kids Headphones with Microphone, Lightweight Folding Stereo Bass Headphones with 1.5M No-Tangle Cord, Portable Wired Headphones for Smartphone Tablet Computer MP3 / 4 (Black)",14.99,144,Cell Phones & Accessories,https://m.media-amazon.com/images/I/61z-rTknwVS._AC_UL320_.jpg
MARVEL’S SPIDER-MAN 2 – PS5 Launch Edition,69.99,71,Video Games,https://m.media-amazon.com/images/I/81VGpLvXQuL._AC_UY218_.jpg
"Colourpop 'Witching Hour' Shadow Palette! Hocus Pocus Coven Crew Eyeshadow Palette - Full Size - New in Box, Blue",25.04,144,Makeup,https://m.media-amazon.com/images/I/91pAtzxeAKL._AC_UL320_.jpg
"JBL Tune 710BT Wireless Over-Ear Bluetooth Headphones with Microphone, 50H Battery, Hands-Free Calls, Portable (Blue)",64.95,140,Headphones & Earbuds,https://m.media-amazon.com/images/I/61WaMevsRHS._AC_UL320_.jpg
mens Hvc,57.99,74,Men's Shoes,https://m.media-amazon.com/images/I/51R8w-WqxjL._AC_UL320_.jpg
"Men's Bag Cotton Quarter Cut Socks (6 Pack) (Large (shoe size 8-12), White)",28.00,26,Men's Clothing,https://m.media-amazon.com/images/I/61s56LFS5oL._AC_UL320_.jpg
"ComfyBrace Night Wrist Sleep Support Brace- Fits Both Hands - Cushioned to Help With Carpal Tunnel and Relieve and Treat Wrist Pain, (2 Pack/Night Brace, One Size Fits All) (Pack of 2)",15.97,105,Outdoor Recreation,https://m.media-amazon.com/images/I/71XXkEyp0VL._AC_UL320_.jpg
"Sound+Sleep SE Special Edition High Fidelity Sleep Sound Machine with Real Non-Looping Nature Sounds, Fan Sounds, White, Pink & Brown Noise",109.95,131,Home Decor Products,https://m.media-amazon.com/images/I/71WNox46UpL._AC_UL320_.jpg
Golf 2021 Supersoft Golf Balls (One Dozen),24.97,141,Sports & Fitness,https://m.media-amazon.com/images/I/71I1Y36VShL._AC_UL320_.jpg
"Dainty Layered Choker Necklace, Handmade 14K Gold Plated Y Pendant Necklace Multilayer Bar Disc Necklace Adjustable Layering Choker Necklaces for Women",14.99,91,Women's Jewelry,https://m.media-amazon.com/images/I/51Y9MapedvL._AC_UL320_.jpg
"Camellia Extract Skin Care Sets, Skin Care Gift Set for Women Girls, Face Skin Care Routine Kit for Women, 5Pcs Skin Care Products Set with Cleanser,Mask, Face Serum",12.99,127,Skin Care Products,https://m.media-amazon.com/images/I/717jXjNAS8L._AC_UL320_.jpg
"EN-EL12 Battery Charger, LP Charger Compatible with Nikon Coolpix A1000, B600, AW130, AW110, AW100, A900, W300, S1200pj, S9900, S9700, S9500, S9400, S9300, S9200, S8200, S6300, S6200, S6100, S800C",13.98,58,Camera & Photo,https://m.media-amazon.com/images/I/715oLsE83ML._AC_UL320_.jpg
"Gotega External DVD Drive, USB 3.0 Portable +/-RW , DVD Player for CD ROM Burner Compatible with Laptop Desktop PC Windows Linux OS Apple Mac Black",19.99,110,Computer Components,https://m.media-amazon.com/images/I/61FN+08I9PL._AC_UL320_.jpg
Water Doodle Mat - Kids Painting Writing Color Doodle Drawing Mat Toy Bring Magic Pens Educational Toys for Age 2 3 4 5 6 7 Year Old Girls Boys Age Toddler Gift,25.99,39,Toys & Games,https://m.media-amazon.com/images/I/81yu8G68eTL._AC_UL320_.jpg
"Rug Turfting Carver Clippers with Shearing Guide, Low Noise Carpet Carving Tool Carpet Trimmer for Handmade Rug Clean and Tufted Carpet Rug, Naturewood",49.49,79,Home Decor Products,https://m.media-amazon.com/images/I/71+BgyafEML._AC_UL320_.jpg
"Queen Mattress Protector, Waterproof Bamboo Mattress Protector, Breathable and Noiseless Mattress Cover with 8-21 Deep Pocket, 60 x 80 Inch",14.99,87,Bedding,https://m.media-amazon.com/images/I/7125+SDFeWL._AC_UL320_.jpg
CORSAIR VENGEANCE DDR5 RAM 32GB (2x16GB) 5600MHz CL36 Intel XMP iCUE Compatible Computer Memory - Black (CMK32GX5M2B5600C36),94.99,136,Computer Components,https://m.media-amazon.com/images/I/71W0l9URZOL._AC_UL320_.jpg
Dri-Fit Training Cotton Cushioned Crew Socks 6 PAIR Black with White Signature Swoosh Logo) LARGE 8-12,24.00,25,Men's Clothing,https://m.media-amazon.com/images/I/81SoDwsqaxL._AC_UL320_.jpg
"Misxi 2 Pack Hard PC Case with Tempered Glass Screen Protector Compatible with Apple Watch Series 9 (2023) Series 8 Series 7 45mm, Ultra-Thin Scratch Resistant Cover for iWatch, Transparent",9.96,80,Cell Phones & Accessories,https://m.media-amazon.com/images/I/81wrA2x9f8L._AC_UL320_.jpg
Meta Quest 2 — Advanced All-In-One Virtual Reality Headset — 128 GB,299.00,93,Video Games,https://m.media-amazon.com/images/I/61tE7IcuLmL._AC_UY218_.jpg
"Amazon Basics In Ear Wired Headphones, Earbuds with Microphone No Wireless Technology, Black, 0.96 x 0.56 x 0.64in",9.04,14,Headphones & Earbuds,https://m.media-amazon.com/images/I/51xZdrJfCzL._AC_UL320_.jpg
"Sleeve Stars Ankle Brace for Women & Men, Plantar Fasciitis Relief & Ankle Compression Sleeve, Foot Brace w/Ankle Support Strap, Heel Protector Wrap for Pain, Tendonitis & Sprain (Single/Black)",18.95,83,Sports & Fitness,https://m.media-amazon.com/images/I/81Pfn6wYgJL._AC_UL320_.jpg
"Beauty Guru Vitamin C Under Eye Serum (Pack of 1) - Anti Aging Eye Roller with Sea Buckthorn Oil, Reduces Dark Circles and Puffiness, Plumps, Moisturizes and Brightens Skin (8ml)",8.90,35,Skin Care Products,https://m.media-amazon.com/images/I/71HYDBTRMOL._AC_UL320_.jpg
"4 Packs Cooling Towel (40""x 12""), Ice Towel, Microfiber Towel, Soft Breathable Chilly Towel Stay Cool for Yoga, Sport, Gym, Workout, Camping, Fitness, Running, Workout & More Activities (Multicolor)",9.99,20,Sports & Fitness,https://m.media-amazon.com/images/I/81Ug9nQpQIL._AC_UL320_.jpg
"Small Crossbody Bag for Women,Leather Wristlet Clutch Wallet Purses Women Shoulder Handbag with Credit Card Slots",20.99,38,Women's Handbags,https://m.media-amazon.com/images/I/81HqjSU64VL._AC_UL320_.jpg
"Lenovo ThinkCentre M910Q Tiny Desktop Computer, Intel Core i7-6700T Upto 3.6GHz, 32GB RAM, 1TB NVMe SSD, 4K 3-Monitor Support DisplayPort, HDMI, AC Wi-Fi, Bluetooth - Windows 10 Pro (Renewed)",242.94,107,Computers & Tablets,https://m.media-amazon.com/images/I/31V9i8xkl9L._AC_UL320_.jpg
"RESTCLOUD Insect and Butterfly Net with 12"" Ring, 24"" Net Depth, Handle Extends to 59 Inches for Adults and Kids (12"" Ring, 59"" Handle)",14.99,44,Learning & Education Toys,https://m.media-amazon.com/images/I/61qz43iWKqL._AC_UL320_.jpg
"Hat Washer for Washing Machine, 2-Pack Baseball Caps Storage Holder Fit for Adult/Kid's Hat Rack Frame for Washer Machine Cleaner/Washing Cage",17.88,63,Home Appliances,https://m.media-amazon.com/images/I/71CqETYXUIL._AC_UL320_.jpg
"Bell 20-Inch Universal Inner Tube, Width Fit Range 1.75-Inch to 2.25-Inch, Schrader",3.59,138,Sports & Fitness,https://m.media-amazon.com/images/I/61mS8QejLbL._AC_UL320_.jpg
154568002 Dishwasher Bottom Lower Spray Arm Replacement for Frigidaire Kenmore Replace 5304517203 154568001 154250801 154250901 1545680,20.99,52,Home Appliances,https://m.media-amazon.com/images/I/51an-Zx8XoL._AC_UL320_.jpg
"sephia SP3060 Earbuds - HD Bass Driven Audio, Lightweight Aluminum Wired in Ear Earbud Headphones, S/M/L Ear Bud Tips, Earphone Case, 3.5mm Tangle-Free Cord - for Music, Podcasts (Without Mic)",14.95,34,Headphones & Earbuds,https://m.media-amazon.com/images/I/71R07jDtoGL._AC_UL320_.jpg
"Logitech G502 HERO High Performance Wired Gaming Mouse, HERO 25K Sensor, 25,600 DPI, RGB, Adjustable Weights, 11 Programmable Buttons, On-Board Memory, PC / Mac, Black",39.99,59,Video Games,https://m.media-amazon.com/images/I/61mpMH5TzkL._AC_UY218_.jpg
"Tongue Sweeper Model T Sweep Medical Grade Stainless Steel Tongue Cleaner with Wider Cleaning Head, Reduce Bad Breath and Improve Taste, Preferred by Leading Dental Schools, Dishwasher Safe (2 Count)",22.99,128,Beauty & Personal Care,https://m.media-amazon.com/images/I/71pvnUFKo-L._AC_UL320_.jpg
"Arches & Halos Duo Luxury Brow Powder - Two-for-one Versatile Compact Powder - For Full, Defined Brows - Vegan and Cruelty Free Makeup - Charcoal, 0.088 oz",9.99,73,Makeup,https://m.media-amazon.com/images/I/71E0CYWeDDL._AC_UL320_.jpg
"YSONG Electric Wax Melt Warmer,Scentsy Wax Warmer,Wax Warmer for Scented Wax Melts, Metal Wax Burner Fragrance Warmer and Vintage Light Bulbs,Fragrance Wax Lamp for Wedding and Home Decor Gifts",21.99,30,Home Decor Products,https://m.media-amazon.com/images/I/61aNCNxqUbL._AC_UL320_.jpg
"Billion Dollar Brows Eyebrow Gel for All-Day Glow, Hold, and Control - Cruelty Free",8.49,142,Makeup,https://m.media-amazon.com/images/I/71K7ZZ7Q7ZL._AC_UL320_.jpg
"Toneed Fluffy Area Rug for Bedroom Living Room, 4 x 6 Feet Gray Shaggy Rug Super Soft Modern Indoor Rug Fuzzy Plush Carpet for Dorm Nursery Kids Room Home Decorative",16.99,132,Home Decor Products,https://m.media-amazon.com/images/I/91xQtgT2leL._AC_UL320_.jpg
JBL Tune 130NC TWS True Wireless In-Ear Noise Cancelling Headphones,99.95,23,Headphones & Earbuds,https://m.media-amazon.com/images/I/51RI5KppdXL._AC_UL320_.jpg
"Polk Audio PSW10 10"" Powered Subwoofer – Power Port Technology, Up to 100 Watts, Big Bass in Compact Design, Easy Setup with Home Theater Systems, Timbre-Matched with Monitor & T-series Polk Speakers",199.99,65,Home Audio & Theater Products,https://m.media-amazon.com/images/I/71suIYgDXAL._AC_UL320_.jpg
Beauty Eyelash Extension Neck Pillow Comfortable Memory Foam Grafted Eyelash Curve Pillow with Makeup Pocket to Protect Neck Velvet Pillow Cover Removable (Pink),18.99,44,Makeup,https://m.media-amazon.com/images/I/511f+H+Fm0L._AC_UL320_.jpg
Tonies Moana Audio Play Character from Disney,17.99,13,Learning & Education Toys,https://m.media-amazon.com/images/I/71KMYTglo+L._AC_UL320_.jpg
"56 Pieces False Teeth Dental Complete Acrylic Resin Denture Tooth, tooth replacement kit, 22 Shade A2 Upper + Lower Dental Materials for Replacement, DIY, or Halloween",7.99,75,Beauty & Personal Care,https://m.media-amazon.com/images/I/71pSoVatLnL._AC_UL320_.jpg
Women's Ankara Wristlet Pouch,125.00,95,Women's Handbags,https://m.media-amazon.com/images/I/61YjIUV77HL._AC_UL320_.jpg
Tonies Mirabel Audio Play Character from Disney's Encanto,17.99,96,Learning & Education Toys,https://m.media-amazon.com/images/I/81Rt7DvK1kL._AC_UL320_.jpg
"Anker USB C to USB C Cable (3.3ft 100W, 2Pack), USB 2.0 Type C Charging Cable Fast Charge for iPhone 15/15Pro/15Plus/15ProMax, MacBook Pro 2020, iPad Pro 2020, iPad Air4, Samsung Galaxy S23 (Black)",19.99,47,Cell Phones & Accessories,https://m.media-amazon.com/images/I/71uH+4Eh30L._AC_UL320_.jpg
Mortal Kombat 1 - PlayStation5,69.00,86,Video Games,https://m.media-amazon.com/images/I/819SHNH35RL._AC_UY218_.jpg
Canon EOS Rebel T7 Digital SLR Camera with EF-S 18-55mm f/3.5-5.6 is STM Lens + 64GB Memory Card + Wide Angle and Telephoto Lens + Tripod + Extra Battery + Remote + Slave Flash (Renewed),489.00,126,Camera & Photo,https://m.media-amazon.com/images/I/710qXASHZtL._AC_UL320_.jpg
"Teami® Colon Cleanse Detox Tea - 15 Tea Bags, 30 Day Supply",23.99,113,Kitchen & Dining,https://m.media-amazon.com/images/I/71Uc8joOvaL._AC_UL320_.jpg
Stelle Ballet Shoes for Girls Toddler Ballet Slippers Soft Leather Boys Dance Shoes for Toddler/Little Kid/Big Kid,10.99,63,Sports & Fitness,https://m.media-amazon.com/images/I/61CGDIk7SEL._AC_UL320_.jpg
"3.2 Gallon Fruit Wine Press - 100% Nature Apple&Grape&Berries Crusher Manual Juice Maker for Kitchen, Solid Wood Basket with 6 Blocks Heavy Duty Cider Wine Making Press",121.99,96,Kitchen & Dining,https://m.media-amazon.com/images/I/61aVkNVddVL._AC_UL320_.jpg
Women's Crewneck Batwing Long Sleeve Sweater 2023 Fall Oversized Ribbed Knit Side Slit Pullover Top,39.99,75,Women's Clothing,https://m.media-amazon.com/images/I/71HbW6+5VhL._AC_UL320_.jpg
Kids Headphones - noot products K11 Foldable Stereo Tangle-Free 3.5mm Jack Wired Cord On-Ear Headset for Children/Teens/Boys/Girls/Smartphones/School/Kindle/Airplane Travel/Plane/Tablet (Navy/Teal),16.99,150,Headphones & Earbuds,https://m.media-amazon.com/images/I/715Sv8XftgL._AC_UL320_.jpg
"WiiM Pro AirPlay 2 Receiver, Chromecast Audio, WiFi Multiroom Streamer, Compatible with Alexa, Siri and Google Assistant, Stream Hi-Res Audio from Spotify, Amazon Music, Tidal and More",149.00,24,Home Audio & Theater Products,https://m.media-amazon.com/images/I/518grX+5L+L._AC_UL320_.jpg
"LEGO DUPLO Town Recycling Truck 10987 Building Toy Set, Learn Through Play with This STEM Creative Birthday Gift for Toddlers, Boys, Girls Ages 2+, Comes with 3 Sorting Bins for Recycling",19.99,105,Toys & Games,https://m.media-amazon.com/images/I/81ZYY0YexRL._AC_UL320_.jpg
"Portable Bluetooth Speaker, IPX7 Waterproof Wireless Speaker with Colorful Flashing Lights, 25W Super Bass with 24H Playtime, 100ft Bluetooth Range, TWS Pairing for Outdoor, Home, Party, Beach, Travel",39.98,143,Cell Phones & Accessories,https://m.media-amazon.com/images/I/81nvd-OPHLL._AC_UL320_.jpg
Tarte Shape Tape ULTRA CREAMY Concealer 0.33 fl. oz. (Light-Medium 29N),34.00,70,Makeup,https://m.media-amazon.com/images/I/61aVH0TN4gS._AC_UL320_.jpg
PNY GeForce RTX™ 4090 24GB Verto Triple Fan Graphics Card DLSS 3,1599.99,36,Computer Components,https://m.media-amazon.com/images/I/619QTa9dXXL._AC_UL320_.jpg
Nipple Covers Silicone Pasties For Women - Adhesive Petals Nip Covers Reusable Nipplecovers Sticky Gel Nude,19.95,80,Women's Clothing,https://m.media-amazon.com/images/I/81lCHvmMXNL._AC_UL320_.jpg
Gateway Newest Touchscreen 11.6 HD 2-in-1 Convertible Laptop in Blue Intel N4020 4GB RAM 64GB SSD Mini-HDMI Webcam Windows 10 S (Renewed) (GT-116),129.99,93,Computers & Tablets,https://m.media-amazon.com/images/I/51LQKOGBqdL._AC_UL320_.jpg
"Men's Sneaker,Running Shoes",96.00,14,Men's Shoes,https://m.media-amazon.com/images/I/71wbXtpEwQL._AC_UL320_.jpg
Set of 50 Metal Wire Alligator Clamp Long-Tailed Alligator Iron Clip Clasp for DIY Card Clip Holder 6 inch (150mm),6.99,70,Home Decor Products,https://m.media-amazon.com/images/I/71jBL0c+ZtL._AC_UL320_.jpg
"WILMA SCHUMANN Soothing Gentle Face Cleanser Milk, 7 fl oz / 210ml, Daily Hydrating Facial Cleanser For Dry Skin, Sensitive or Mature Skin, Light Natural Fragrance and Paraben Free.",37.00,3,Skin Care Products,https://m.media-amazon.com/images/I/31FLghKoj2L._AC_UL320_.jpg
"Drum Set for Kids with 2 Drum Sticks and Microphone, Musical Toys Gift for Toddlers…",64.99,148,Toys & Games,https://m.media-amazon.com/images/I/71NyvEnFI7L._AC_UL320_.jpg
"KK CRAFTS Toddler Backpack, Waterproof Preschool Backpack, 3D Cute Cartoon Neoprene Animal Schoolbag for Kids, Lunch Box Carry Bag for Boys Girls,Floral Unicorn",19.99,44,Home Decor Products,https://m.media-amazon.com/images/I/51EDVLPFFAS._AC_UL320_.jpg
Gold Bead Bracelet for Women 14K Gold Plated Bead Ball Bracelet Stretchable Elastic Hypoallergenic Bohemian Stackable Bracelet,15.99,10,Women's Jewelry,https://m.media-amazon.com/images/I/61QJfxQtvQL._AC_UL320_.jpg
"Utopia Bedding Premium Waterproof Terry Mattress Protector Queen 200 GSM, Mattress Cover, Breathable, Fitted Style with Stretchable Pockets (White)",17.99,59,Bedding,https://m.media-amazon.com/images/I/71uektp1obL._AC_UL320_.jpg
Men's Speedcross 5 Trail Running Shoes,139.95,59,Men's Shoes,https://m.media-amazon.com/images/I/71nJ48O6aFL._AC_UL320_.jpg
"Bamboo Toothbrush Prepasted Disposable Toothbrsuh Soft Bristles Prepasted Toothbrush,Disposable Toothbrsuh (72 Pieces Brown)",22.97,70,Beauty & Personal Care,https://m.media-amazon.com/images/I/61GhAs-vRqL._AC_UL320_.jpg
Women's Time Off Sneaker,70.00,111,Women's Shoes,https://m.media-amazon.com/images/I/41DzpaOYQqL._AC_UL320_.jpg
The Original McKenzie Lumbar Roll by OPTP - Low Back Support for Office Chairs and Car Seats,24.95,36,Bedding,https://m.media-amazon.com/images/I/81lhHDum+pL._AC_UL320_.jpg
"jumper Laptop, 16GB RAM 512GB SSD, 12th Gen Intel N100 Processor, 16"" FHD IPS Screen(16:10), Notebook Computer with 2.4G/5G WiFi, 4 Stereo Speakers, Cooling System, 38WH Battery, Type-C.",379.99,51,Computers & Tablets,https://m.media-amazon.com/images/I/71wuZUWHNGL._AC_UL320_.jpg
Women's Two Piece Outfits Sweater Sets Knit Pullover Tops and High Waisted Pants Tracksuit Lounge Sets,42.11,144,Women's Clothing,https://m.media-amazon.com/images/I/61pf66GKoKL._AC_UL320_.jpg
"AMD Ryzen 5 5600X 6-core, 12-Thread Unlocked Desktop Processor with Wraith Stealth Cooler",156.46,147,Computer Components,https://m.media-amazon.com/images/I/61twhaihHtL._AC_UL320_.jpg
"Infrared Thermometer, Heat Temperature Temp Gun for Cooking, Adjustable Emissivity - for Cooking, Pizza Oven, Meat, Griddle, Grill, HVAC, Engine, -58°F~752°F, Meat Thermometer Included",21.99,53,Kitchen & Dining,https://m.media-amazon.com/images/I/81xIkPyUAEL._AC_UL320_.jpg
Steel Toe Shoes for Men Indestructible Work Shoes Lightweight Steel Toe Sneakers Non Slip Safety Shoes Puncture Proof Composite Toe Shoes,46.86,90,Men's Shoes,https://m.media-amazon.com/images/I/71+fSuXHO9L._AC_UL320_.jpg
"Avera Products | Palm Tree Welcome Mat, Natural Coir Fiber Doormat, Anti-Slip Mat Backing",25.99,141,Furniture,https://m.media-amazon.com/images/I/91iOzfiAaKL._AC_UL320_.jpg
"LUXOAK Farmhouse 5 Drawers Dresser for Bedroom, Wood Rustic Chest of Drawers, Tall Dressers Organizer with Metal Handles, 5 Drawers Chest for Bedroom, Living Room, Hallway, Washed Ash",229.99,45,Furniture,https://m.media-amazon.com/images/I/71m5TBQl3LL._AC_UL320_.jpg
"TCL Alto R1 Wireless 2.0 Channel Sound Bar for Roku TV, Bluetooth,Wifi TSR1-NA 31.5-inch, Black",99.99,63,Home Audio & Theater Products,https://m.media-amazon.com/images/I/71boNWZ8q7L._AC_UL320_.jpg
"Hydration Bladder, 1.5L-2L-3L Water Bladder for Hiking Backpack Leak Proof Water Reservoir Storage Bag, BPA-Free Water Pouch Hydration Pack for Camping Cycling Running, Military Green 1.5-2-3 Liter",18.99,120,Outdoor Recreation,https://m.media-amazon.com/images/I/71qfMx9o+3L._AC_UL320_.jpg
"1PCS Dirty Mouth Tooth Powder, Tooth Cleaning Powder, Natural Teeth Whitening Powder,Tooth Whitening Effective Remover Stains from Coffee, Smoking",5.99,132,Beauty & Personal Care,https://m.media-amazon.com/images/I/51PKRIwSPxL._AC_UL320_.jpg
Tonies Lightning McQueen Audio Play Character from Disney and Pixar's Cars,17.99,108,Learning & Education Toys,https://m.media-amazon.com/images/I/71-cHIQvE6L._AC_UL320_.jpg
"VBT Boob Tape - Breast Lift Tape, Body Tape for Breast Lift w 2 Pcs Silicone Breast Reusable Adhesive Bra, Bob Tape for Large Breasts A-G Cup, Nude",9.97,140,Women's Clothing,https://m.media-amazon.com/images/I/71O3dXdchEL._AC_UL320_.jpg
RESTCLOUD Insect and Butterfly Habitat Cage Terrarium Pop-up 23.6 Inches Tall,14.99,66,Learning & Education Toys,https://m.media-amazon.com/images/I/81sNti0emxL._AC_UL320_.jpg
"MalloMe Sleeping Bags for Adults Cold Weather & Warm - Backpacking Camping Sleeping Bag for Kids 10-12, Girls, Boys - Lightweight Compact Camping Gear Must Haves Hiking Essentials Sleep Accessories",25.99,43,Outdoor Recreation,https://m.media-amazon.com/images/I/813yQv+ovHL._AC_UL320_.jpg
Women's Jet Set Item Lg Crossbody,65.45,43,Women's Handbags,https://m.media-amazon.com/images/I/51cB0B5UoSL._AC_UL320_.jpg
Bluetooth Headphones Wireless Earbuds 80hrs Playtime Wireless Charging Case Digital Display Sports Ear buds with Earhook Premium Deep Bass IPX7 Waterproof Over-Ear Earphones for TV Phone Laptop Black,37.99,61,Headphones & Earbuds,https://m.media-amazon.com/images/I/71G9a1iSpHL._AC_UL320_.jpg
"SUTERA - Contour Memory Foam Pillow for Sleeping, Orthopedic Cervical Support for Neck, Shoulder and Back Pain Relief, Ergonomic Pillow for Side, Back and Stomach Sleepers, Washable Cover - White+Bag",59.99,20,Bedding,https://m.media-amazon.com/images/I/71CSQylpJxL._AC_UL320_.jpg
Men's Wally Stretch | Men’s Shoes | Men's Lace Up Loafers | Comfortable & Light-Weight,44.31,145,Women's Shoes,https://m.media-amazon.com/images/I/81r6UvM0bnL._AC_UL320_.jpg
"Eggpod by Emson Egg Cooker Wireless Microwave Hardboiled Egg Maker, Cooker, Egg Boiler & Steamer, 4 Perfectly-Cooked Hard boiled Eggs in Under 9 minutes As Seen On TV",18.95,34,Kitchen & Dining,https://m.media-amazon.com/images/I/714xk-F9MKS._AC_UL320_.jpg
Hanes Ultimate Women's 6-Pack Comfort Toe Seamed Ankle Socks,11.99,18,Sports & Fitness,https://m.media-amazon.com/images/I/711MgPoMoUS._AC_UL320_.jpg
Women Diabetic Shoes for Elderly Women Wide Shoes Walking Shoes Adjustable Closure Breathable Lightweight Non Slip Sneakers for Swollen Feet Edema Width X-Wide,59.99,48,Women's Shoes,https://m.media-amazon.com/images/I/614CPeQag9L._AC_UL320_.jpg
Men's Leather Lined Dress Loafers Shoes,33.99,100,Men's Shoes,https://m.media-amazon.com/images/I/61u1W+ZI2KL._AC_UL320_.jpg
Thick Heavy Duty Oven Liners for Bottom of Oven | 2 Pack Non Stick Oven Liners for Bottom of Electric Oven | Reusable Oven Mat Kitchen Accessories | Oven Liner for Electric Gas Grill BPA and PFOA Free,9.99,38,Home Appliances,https://m.media-amazon.com/images/I/716hICgwctL._AC_UL320_.jpg
"Megababe Thigh Rescue Anti-Chafe Stick | Prevents Skin Chafe & Irritation | Thighs, Arms, Bra-Lines & More | 2.12 oz",13.95,15,Sports & Fitness,https://m.media-amazon.com/images/I/51xfz6A+bFL._AC_UL320_.jpg
"PGYTECH OneMo 2 35L-45L Camera Backpack with Shoulder Bag for 17“ Laptop for Photographers, Waterproof DSLR Backpack for Canon/Nikon/Sony, Drone Backpack for DJI Mini 3 Pro/Mavic 3/ FPV, Black",259.95,76,Camera & Photo,https://m.media-amazon.com/images/I/71GYd9EEMEL._AC_UL320_.jpg
Men's Eversoft Cotton Stay Tucked Crew T-Shirt,18.48,31,Men's Clothing,https://m.media-amazon.com/images/I/513fraGQXWL._AC_UL320_.jpg
"Bamboo Toothbrushes Soft Bristles 4-Pack – Biodegradable, Sustainable, Natural, Eco-Friendly – Black Charcoal Wooden Toothbrushes",5.99,70,Beauty & Personal Care,https://m.media-amazon.com/images/I/71JiOWiV6GL._AC_UL320_.jpg
Wrangler Tote Bag Western Purses for Women Shoulder Boho Aztec Handbags,59.99,129,Women's Handbags,https://m.media-amazon.com/images/I/81e8qiw1rEL._AC_UL320_.jpg
"Men's Coolzone Boxer Briefs, Moisture Wicking & Breathable, Assorted Color Multipacks",19.59,62,Men's Clothing,https://m.media-amazon.com/images/I/81lHfvvXK0L._AC_UL320_.jpg
"42 Pairs Gold Hoop Earrings Set for Women, Fashion Chunky Pearl Earrings Multipack Twisted Statement Earring Pack, Hypoallergenic Small Big Hoops Earrings for Birthday Party",17.99,30,Women's Jewelry,https://m.media-amazon.com/images/I/91uCEaYktqL._AC_UL320_.jpg
"Eveready LED Headlamps (2-Pack), Bright and Durable Head Lights for Running, Camping, Fishing, Emergency (Batteries Included),Navy Blue (2-Pack),Adjustable",8.94,133,Sports & Fitness,https://m.media-amazon.com/images/I/71atx7Yc03L._AC_UL320_.jpg
"Whitening Strips for Teeth Sensitive, Pap+ Charcoal Teeth Whitening Strip, Enamel Safe for Whiter Teeth, 14 Treatments Teeth Whitener, Fast Remove Smoking, Coffee, Tea Stains",11.99,56,Beauty & Personal Care,https://m.media-amazon.com/images/I/71K81WwsHqL._AC_UL320_.jpg
"LYNSOM Dresser, Black Dresser for Bedroom with Gold Pulls and Solid Wood Legs, Modern 7 Drawer Dresser",189.99,66,Furniture,https://m.media-amazon.com/images/I/51cS5Lzv+4L._AC_UL320_.jpg
14K Gold Plated Station Necklace | Simulated Diamond BTY Necklace | Womens CZ Chain Necklace | Layering Necklaces,14.95,133,Women's Jewelry,https://m.media-amazon.com/images/I/51IlTYv1B9L._AC_UL320_.jpg
Speedo Unisex Swim Training Ergo Ear Plugs,7.99,20,Sports & Fitness,https://m.media-amazon.com/images/I/51w6KMIePUL._AC_UL320_.jpg
"Men's Tag-Free Boxer Shorts, Relaxed Fit, Moisture Wicking, Assorted Color Multipacks",21.48,142,Men's Clothing,https://m.media-amazon.com/images/I/914b-+0gXEL._AC_UL320_.jpg
Men's Mio Li Sneaker,130.00,27,Men's Shoes,https://m.media-amazon.com/images/I/91ef7hs5jhL._AC_UL320_.jpg
"AprilAire 413 Replacement Filter for AprilAire Whole House Air Purifiers - MERV 13, Healthy Home, 16x25x4 Air Filter (Pack of 1)",55.50,49,Home Appliances,https://m.media-amazon.com/images/I/71H5pQLFK7L._AC_UL320_.jpg
"Bose QuietComfort 45 Wireless Bluetooth Noise Cancelling Headphones, Over-Ear Headphones with Microphone, Personalized Noise Cancellation and Sound, White Smoke",329.00,144,Headphones & Earbuds,https://m.media-amazon.com/images/I/51BsejsSTqL._AC_UL320_.jpg
"Almay Smart Shade Skintone Matching Makeup, Hypoallergenic, Cruelty Free, Oil Free, -Fragrance Free, Dermatologist Tested Foundation with SPF 15, Medium Meets Deep, 1oz",9.75,5,Makeup,https://m.media-amazon.com/images/I/61oWURvWLEL._AC_UL320_.jpg
Nicmore Toddler Toys Car for Boys: Kids Toys for 1 2 3 4 Year Old Boys Girls | Carrier Toy Trucks | Toddler Toys Age 1-2 2-4 Baby Toys 12-18 Months Birthday Kids Gift,26.99,70,Toys & Games,https://m.media-amazon.com/images/I/81G88Gum-1L._AC_UL320_.jpg
No Show Socks Womens and Men Low Cut Ankle Short Anti-slid Athletic Running Novelty Casual Invisible Liner Socks,13.99,5,Women's Clothing,https://m.media-amazon.com/images/I/81EFbzAltVL._AC_UL320_.jpg
Pillow Warm Fuzzy House Slippers for Women with Cushioned Thick Sole,26.99,121,Women's Shoes,https://m.media-amazon.com/images/I/81UbuOjO-nL._AC_UL320_.jpg
"AC Power Cord Compatible Sony PS5/PS4/PS4 Slim/PS3 Slim&Super Slim, Xbox Series S/Xbox Series X, Xbox One S/Xbox One X, Playstation 5 Playstation 4 Playstation 3 Slim Power Supply Cable Replacement",8.99,134,Home Audio & Theater Products,https://m.media-amazon.com/images/I/71aCRcbRupL._AC_UL320_.jpg
unisex-adult Classic All-Terrain Black Panther Clog,49.99,74,Men's Shoes,https://m.media-amazon.com/images/I/81ADAmHSgsL._AC_UL320_.jpg
Men's Lite Racer Adapt 5.0 Running Shoe,57.19,29,Men's Shoes,https://m.media-amazon.com/images/I/71EQ1QdcPFL._AC_UL320_.jpg
"Cars and Trucks Temporary Tattoos for Boys - 100 Tattoos, Cars Construction Decorations Supplies Favors for Kids Boys",6.98,31,Makeup,https://m.media-amazon.com/images/I/71WevXBniZL._AC_UL320_.jpg
"PIFFA Bluetooth Headphones Wireless Earbuds, 132Hr Playtime Sports Ear Buds with 1800mAh Digital Display Charging Case, IPX5 Waterproof Headset with Microphone Cordless Earphone for iPhone Android TV",18.89,52,Headphones & Earbuds,https://m.media-amazon.com/images/I/71RE7wKOcbL._AC_UL320_.jpg
"3 in 1 Stuffed Burger Press Patty Maker Rings Molds Kit, Non Stick Stuffer Hamburger Press Patty Maker - with 100 Pcs Wax Hamburger Patty Paper, Sausage Patty Press for Slider/Pattie/Grilling HAHAYOO",5.99,101,Kitchen & Dining,https://m.media-amazon.com/images/I/71UoYVM66IL._AC_UL320_.jpg
"10-inch Kids Tablet, Android 13 Tablet for Kids, HD IPS Display, 6GB RAM, 64GB ROM, Quad-Core Processor, Kidoz Pre Installed, Parental Control, Kid-Proof Case (Blue)",99.99,30,Computers & Tablets,https://m.media-amazon.com/images/I/71BWGFnUG5L._AC_UL320_.jpg
"ECOMEX 8 Panel Room Divider, Wood Freestanding Room Dividers and Folding Privacy Screens for Home, Room Separator Temporary Wall Dividers, White",179.99,33,Furniture,https://m.media-amazon.com/images/I/71OULAowbIL._AC_UL320_.jpg
Ultra-lite2 Waterproof Breathable Poncho,12.69,9,Men's Clothing,https://m.media-amazon.com/images/I/71ffdsc9LwL._AC_UL320_.jpg
Plantronics - CS540 Wireless DECT Headset (Poly) - Single Ear (Mono) Convertible (3 wearing styles) - Connects to Desk Phone - Noise Canceling Microphone,159.20,74,Headphones & Earbuds,https://m.media-amazon.com/images/I/71qVtQnxDzL._AC_UL320_.jpg
"10 inch Android 13 Kids Tablet - Powerful Quad-Core, 2GB RAM, 32GB ROM, 5MP Camera - with Convertible Shockproof Case-Stand, Parental Controls, 5000mAh Battery",89.09,89,Computers & Tablets,https://m.media-amazon.com/images/I/71GmcsJtARL._AC_UL320_.jpg
"Beelink SER5 MAX Mini PC,Ryzen 7 5800H(8C/16T,up to 4.4GHz) Mini Computer,TDP 54W High-Performance Mini Desktop Computers,Micro PC 16GB/500GB PCle3.0 SSD 4K Triple Displays,WiFi6,BT5.2,USB3.2",399.00,111,Computers & Tablets,https://m.media-amazon.com/images/I/81cgqwo0USL._AC_UL320_.jpg
"Shankara Fine Line Moisturizer for Adults, All Skin Types with Ayurvedic Ingredients–Finest facial skin care products for Aging Skin to Nourish and Rejuvenate the Skin-Best moisturiser for face (50ml)",68.00,138,Skin Care Products,https://m.media-amazon.com/images/I/814VhPZLdJL._AC_UL320_.jpg
Women's Athletic Walking Shoes - Casual Knit Lightweight Running Slip On Sneakers,22.49,135,Women's Shoes,https://m.media-amazon.com/images/I/81YXOGHgRwL._AC_UL320_.jpg
"Sound Bars for TV with Subwoofer, 2.1 Deep Bass Small Soundbar TV Monitor Speaker Home Theater Surround Sound System for PC Gaming with Bluetooth/AUX/Optical Connection, Wall Mountable 17-inch",59.99,57,Home Audio & Theater Products,https://m.media-amazon.com/images/I/61dcabGTbEL._AC_UL320_.jpg
Vinyl Record Player 3-Speed Bluetooth Suitcase Portable Belt-Driven Record Player with Built-in Speakers RCA Line Out AUX in Headphone Jack Vintage Turntable,59.99,26,Home Audio & Theater Products,https://m.media-amazon.com/images/I/81O-I19HTXL._AC_UL320_.jpg
"SHOKZ (AfterShokz OpenComm - Bone Conduction Open-Ear Stereo Bluetooth Headset with Noise-Canceling Boom Microphone - Wireless Headset for Mobile Use, with Bookmark",159.95,85,Cell Phones & Accessories,https://m.media-amazon.com/images/I/41WuYW7IQaL._AC_UL320_.jpg
"Sensyne 62"" Phone Tripod & Selfie Stick, Extendable Cell Phone Tripod Stand with Wireless Remote and Phone Holder, Compatible with iPhone Android Phone, Camera (Black)",19.98,107,Cell Phones & Accessories,https://m.media-amazon.com/images/I/51uZme3QCkL._AC_UL320_.jpg
Polaroid Originals Standard Color Instant Film for i-Type Cameras (40 Exposures) (880411),79.99,45,Camera & Photo,https://m.media-amazon.com/images/I/61zza4prjmL._AC_UL320_.jpg
"Wooden Spoons for Cooking,12 Pack Wooden Utensils for Cooking Wooden Kitchen Utensils Set Wooden Cooking Utensils Natural Teak Wooden Spatulas for Cooking",29.60,14,Kitchen & Dining,https://m.media-amazon.com/images/I/71tvwbASp6L._AC_UL320_.jpg
"24 Pieces Microblading Practice Skin Double Sided Microblading Supplies Microblading No Ink Practice Skin Makeup Silicone Skins Practice Brow Practice Sheet(White, Regular Style)",20.99,40,Makeup,https://m.media-amazon.com/images/I/617lWAPpPrL._AC_UL320_.jpg
"Flare Leggings, Crossover Yoga Pants with Tummy Control, High-Waisted and Wide Leg",27.99,132,Women's Clothing,https://m.media-amazon.com/images/I/61aUZQs50XL._AC_UL320_.jpg
"(5 Packs) Rear Lens Cover Cap for EOS EF Lens, Ef-s Lense Dust Protective Rear Cover, EF Lens Cap, Compatible with Canon EF EFS Mount DSLR Lenses",6.95,107,Camera & Photo,https://m.media-amazon.com/images/I/71Zc5XqLJBL._AC_UL320_.jpg
Portable-Charger-Power-Bank - 40000mAh Power Bank PD 30W and QC 4.0 Quick Charging Built-in Bright flashlight LED Display 2 USB 1Type-C Output for Most Electronic Devices on The Market(Carbon Black),37.49,106,Cell Phones & Accessories,https://m.media-amazon.com/images/I/41KGDEKlcQL._AC_UL320_.jpg
"Tuscan Sea View Mural Decorative Mosaic | Mosaic Designs | Mosaic Artwork | Mosaic Wall Art Floor Inlay by Mozaico | Handmade Mosaics | 39"" x 31""",846.00,140,Home Decor Products,https://m.media-amazon.com/images/I/912vhuyPXRL._AC_UL320_.jpg
"Clear Purse for Women Stadium Approved, Clear Crossbody Bag with Zipper Closure, Transparent Purse for Concert Sports",12.99,42,Women's Handbags,https://m.media-amazon.com/images/I/61AtFGoi0JL._AC_UL320_.jpg
Women's Tazz Slipper,129.95,101,Women's Shoes,https://m.media-amazon.com/images/I/81nJHNKs5iL._AC_UL320_.jpg
Bike Cover Outdoor Waterproof Bicycle Covers Rain Sun UV Dust Wind Proof with Lock Hole for Mountain Road Electric Bike,15.99,33,Sports & Fitness,https://m.media-amazon.com/images/I/6120oPdOFQS._AC_UL320_.jpg
"Bike Chain Lock, 5 Digit Combination Heavy Duty Anti Theft Bicycle Chain Lock, 3.2 Feet Long Security Resettable Bike Locks for Bike, Bicycle, Scooter, Motorcycle, Door, Gate, Fence",18.99,23,Sports & Fitness,https://m.media-amazon.com/images/I/7119xNNNqWL._AC_UL320_.jpg
"Softbox Photography Lighting Kit, 27"" x 27"" Continuous Lighting Kit with 3 Color Temperature 85W 3000K-7500K Bulb, Photo Studio Lighting for Video Recording, Advertising Shooting",42.99,127,Camera & Photo,https://m.media-amazon.com/images/I/61SGwA427jL._AC_UL320_.jpg
"Spell Candles 48 Pack 4"" Tall x 1/2"" Dia, 12 Colors 4 Mini Candles Black, White, Green, Red, Yellow, Orange, Blue, Brown, Pink, Purple, Grey, Non-Metallic Gold, Free Candle Spell E-Book",16.99,43,Home Decor Products,https://m.media-amazon.com/images/I/61yfNNcFTrL._AC_UL320_.jpg
"Purline Replacement for Brita® Water Filter, Pitchers and Dispensers, Classic 35557, OB03, Mavea® 107007, Replacement for Brita® Pitchers Grand, Lake, Capri, Wave and More (6 Pack)",21.99,22,Home Appliances,https://m.media-amazon.com/images/I/71Fg4VReWeL._AC_UL320_.jpg
"JLab Go Air Pop True Wireless Bluetooth Earbuds + Charging Case - Slate - Dual Connect - IPX4 Sweat Resistance - Bluetooth 5.1 Connection - 3 EQ Sound Settings Signature, Balanced, Bass Boost",24.88,52,Cell Phones & Accessories,https://m.media-amazon.com/images/I/71jKdsDEBSL._AC_UL320_.jpg
8 Pack Refill Cartridge Kit Replacement Only Blue,24.99,17,Sports & Fitness,https://m.media-amazon.com/images/I/71cG5+J+o8L._AC_UL320_.jpg
"POWMEE M1 Kids Headphones Wired Headphone for Kids,Foldable Adjustable Stereo Tangle-Free,3.5MM Jack Wire Cord On-Ear Headphone for Children (Blue)",10.99,106,Cell Phones & Accessories,https://m.media-amazon.com/images/I/71iHz1BCPCL._AC_UL320_.jpg
"Women's Value, Crew Soft Moisture-Wicking Socks, Available in 10 and 14-Packs",10.97,65,Women's Clothing,https://m.media-amazon.com/images/I/81mobFPzsvS._AC_UL320_.jpg
"Handmade Womens Long Wallet, Leather Large Capacity, Floral Western,Cell Phone Case Holster Bag Slim Credit Card Holder Cute Coin Purse Thin Zip Clutch Handbag(Dark Brown)",39.99,133,Women's Handbags,https://m.media-amazon.com/images/I/71mzzVgL91L._AC_UL320_.jpg
"Large Size Magnetic Letters, Cute Animal Alphabet ABC Magnets for Fridge Colorful Uppercase Animals Toys Set Educational Spelling Learning Games for Kids, Toddlers 3 4 5 Years Old",9.99,35,Learning & Education Toys,https://m.media-amazon.com/images/I/91Zd1uJI5IL._AC_UL320_.jpg
"Bodyprox Ankle Support Brace, Breathable Neoprene Sleeve, Adjustable Wrap!",9.99,17,Sports & Fitness,https://m.media-amazon.com/images/I/81mEoQ2pm-L._AC_UL320_.jpg
"AMD Ryzen 7 7800X3D 8-Core, 16-Thread Desktop Processor",389.00,13,Computer Components,https://m.media-amazon.com/images/I/51HqC0rU9HL._AC_UL320_.jpg
Counting Dinosaur Toys Matching Color Sorting Stacking Games with Bowls Preschool Learning Activities for Educational Sensory Montessori STEM Toy Sets Gift for Toddlers Kids Boys Girls Aged 3+,11.29,48,Learning & Education Toys,https://m.media-amazon.com/images/I/71vBkxPqFdL._AC_UL320_.jpg
Adhesive Bra Strapless Sticky Invisible Push up Silicone Bra for Backless Dress with Nipple Covers,22.49,92,Women's Clothing,https://m.media-amazon.com/images/I/71BjTRukTTL._AC_UL320_.jpg
"Chunky Gold Hoop Earrings for Women, Dupes Earrings Lightweight Waterdrop Hollow Open Hoops, Hypoallergenic Gold Plated Earrings Fashion Jewelry for Women Girls",13.99,74,Women's Jewelry,https://m.media-amazon.com/images/I/51M5LtK3b+L._AC_UL320_.jpg
Nintendo Switch™ with Neon Blue and Neon Red Joy‑Con™,299.00,56,Video Games,https://m.media-amazon.com/images/I/71pIS8f417L._AC_UY218_.jpg
"Affresh Coffee Maker Cleaner, Works with Multi-cup and Single-serve Brewers, 3 Tablets",5.99,111,Home Appliances,https://m.media-amazon.com/images/I/71Ff+DZyiGL._AC_UL320_.jpg
Men's Low Neck Running Shoes,139.95,70,Men's Shoes,https://m.media-amazon.com/images/I/71b32AZf89L._AC_UL320_.jpg
Large Crossbody Bags Ladies Shoulder Handbags Purse and Wallet Set for Women Totes Hobo Purses,40.99,5,Women's Handbags,https://m.media-amazon.com/images/I/717MBscOz8L._AC_UL320_.jpg
"yiyisibao Magnet Toys for 3 Year Old Boys & Girls, Magnetic Blocks STEM Learning Educational Building Blocks for Kids Ages 4-8, Toddler Toys 40 PCS Montessori Toys for 2 Year Old Boys",19.99,57,Toys & Games,https://m.media-amazon.com/images/I/71Xycvf4kyL._AC_UL320_.jpg
Premium Pizza Cutter Wheel - Stainless Steel - Easy to Cut and Clean - Super Sharp Pizza Slicer - Dishwasher Safe - Handles Large and Small Pizza - Corte De Pizza(Red),4.95,136,Kitchen & Dining,https://m.media-amazon.com/images/I/71wpWLWIJML._AC_UL320_.jpg
Men's Dri-tech Moisture Control Crew Socks Multipack,12.99,52,Outdoor Recreation,https://m.media-amazon.com/images/I/A1Agn+s+mOL._AC_UL320_.jpg
"Pillow Cube Side Cube Pro - Most Popular (5”) Bed Pillows for Sleeping on Your Side, Cooling Memory Foam Pillow Support Head & Neck for Pain Relief - King, Queen, Twin 24""x12""x5""",89.99,63,Bedding,https://m.media-amazon.com/images/I/71xgX3HTOeS._AC_UL320_.jpg
Women's Slouch Sock 3 Pair Pack,12.60,70,Women's Clothing,https://m.media-amazon.com/images/I/71av7iHTuRL._AC_UL320_.jpg
"Kids Guitar Musical Toy Ukulele Classical Instrument(Brown),with Extra Harmonica 16 Holes",9.99,48,Learning & Education Toys,https://m.media-amazon.com/images/I/61wbYTsnzhL._AC_UL320_.jpg
"Shock Doctor Pro Mouth Guard, Shock Absorbing Mouth Protection, Custom Fit, Adult & Youth",7.99,125,Sports & Fitness,https://m.media-amazon.com/images/I/710TCPdOn1L._AC_UL320_.jpg
"Kiddiworld Dinosaur Toys for 3 4 5 Year Old Boys Gifts, Dinosaurs Toys for Kids 3-5-7, Dino Figures Activity Play Mat Christmas Birthday Gifts for Girls Toddler Toys Age 2-4",25.99,83,Toys & Games,https://m.media-amazon.com/images/I/81nJriec0SL._AC_UL320_.jpg
"Amazon Basics DisplayPort to HDMI Display Cable, Uni-Directional, 4K@60Hz, 1920x1200, 1080p, Gold-Plated Plugs, 6 Foot, Black",16.63,116,Home Audio & Theater Products,https://m.media-amazon.com/images/I/61UmdN0+5XL._AC_UL320_.jpg
"4 Piece sheet Set - Breathable & Cooling - Hotel Luxury bed sheets - Extra Soft,Deep Pockets,Easy Fit, Wrinkle Free,Comfy - White - king Size",34.99,4,Bedding,https://m.media-amazon.com/images/I/61nY9nYn30L._AC_UL320_.jpg
"14K Gold/Silver Plated Snake Chain Necklace Herringbone Necklace Gold Choker Necklaces for Women Girl Gifts Jewelry 1.5/3/5MM(W) 14""/16""(L)",15.99,140,Women's Jewelry,https://m.media-amazon.com/images/I/510giQAF66L._AC_UL320_.jpg
womens Court Legacy,100.00,4,Women's Shoes,https://m.media-amazon.com/images/I/61DOlkBbfJL._AC_UL320_.jpg
"TYBOATLE Modern Buffet Cabinet with Storage, Boho Farmhouse Accent Sideboard with 2 Kraft Woven Rattan Doors and Adjustable Shelves, Kitchen Console Table for Entry, Living Room, Hallway (Natural Ash)",78.88,143,Furniture,https://m.media-amazon.com/images/I/71NRKCaFA5L._AC_UL320_.jpg
"Higher Power Shorts - High-Rise Waist Shapewear, Tummy Control, Breathable",34.64,138,Women's Clothing,https://m.media-amazon.com/images/I/61bWXLQZYkL._AC_UL320_.jpg
S-Biner SlideLock Stainless Steel,2.97,54,Outdoor Recreation,https://m.media-amazon.com/images/I/715T6hx5FtS._AC_UL320_.jpg
"Lenovo IdeaPad Flex 5-2023 - Touchscreen 2-in-1 Laptop - Windows 11 Home - 14"" FHD Display - 16GB Memory - 256GB Storage - AMD Ryzen 5 5500U - Abyss Blue",539.99,113,Computers & Tablets,https://m.media-amazon.com/images/I/718cys6JGoL._AC_UL320_.jpg
Women's Flannel Plaid Shacket Long Sleeve Button Down Chest Pocketed Shirts Jacket Coats,32.89,43,Women's Clothing,https://m.media-amazon.com/images/I/61LSELYQ26L._AC_UL320_.jpg
"CyberpowerPC Gamer Xtreme VR Gaming PC, Intel Core i7-12700F 2.1GHz, GeForce RTX 3060 12GB, 16GB DDR4, 1TB NVMe SSD, WiFi & Win 11 Home (GXiVR8040A12), Black",1074.97,65,Computers & Tablets,https://m.media-amazon.com/images/I/71FLsWWmE8L._AC_UL320_.jpg
"GE RPWFE Refrigerator Water Filter | Certified to Reduce Lead, Sulfur, and 50+ Other Impurities | Replace Every 6 Months for Best Results | Pack of 1",49.99,15,Home Appliances,https://m.media-amazon.com/images/I/714hFSDGtSL._AC_UL320_.jpg
"Xbox Elite Series 2 Core Wireless Controller – White – Xbox Series X|S, Xbox One, and Windows Devices",99.00,65,Video Games,https://m.media-amazon.com/images/I/61H321AbQuL._AC_UY218_.jpg
"SAMSUNG Galaxy Buds 2 True Wireless Earbuds Noise Cancelling Ambient Sound Bluetooth Lightweight Comfort Fit Touch Control US Version, Graphite",109.00,110,Cell Phones & Accessories,https://m.media-amazon.com/images/I/51O0iIuohnL._AC_UL320_.jpg
